{
  "config": {
    "run_name": "exp1_1",
    "out_dir": "./results",
    "seed": 1257146219,
    "device": null,
    "bs_train": 128,
    "bs_test": 32,
    "batches": 100,
    "epochs": 100,
    "early_stopping": 3,
    "checkpoints": null,
    "lr": 0.0001,
    "reg": 0.001,
    "filters_per_layer": [
      32
    ],
    "layers_per_block": 8,
    "pool_every": 2,
    "hidden_dims": [
      100
    ],
    "model_type": "cnn",
    "kw": {
      "pooling_params": {
        "kernel_size": 2
      },
      "conv_params": {
        "kernel_size": 3,
        "padding": 1
      }
    }
  },
  "results": {
    "num_epochs": 12,
    "train_loss": [
      2.3046045184135435,
      2.303836443424225,
      2.2939124298095703,
      2.1507454681396485,
      2.0221547758579255,
      1.9667287039756776,
      1.9337834429740905,
      1.8993274557590485,
      1.87223708152771,
      1.845822960138321,
      1.8191345155239105,
      1.8191112351417542
    ],
    "train_acc": [
      9.9609375,
      10.390625,
      11.03125,
      19.6015625,
      25.4765625,
      27.515625,
      28.6171875,
      30.0078125,
      31.1171875,
      31.390625,
      32.28125,
      32.0
    ],
    "test_loss": [
      2.303675289154053,
      2.30282438993454,
      2.231877748966217,
      2.0578910946846007,
      2.011414510011673,
      1.953171867132187,
      1.906643191576004,
      1.8816924619674682,
      1.8503415858745575,
      1.8400685453414918,
      1.8184199011325837,
      1.7988618969917298
    ],
    "test_acc": [
      9.84375,
      9.84375,
      15.15625,
      24.1875,
      26.78125,
      26.375,
      29.84375,
      32.09375,
      34.0625,
      33.71875,
      33.96875,
      33.6875
    ]
  }
}