{
  "config": {
    "run_name": "exp1_1",
    "out_dir": "./results",
    "seed": 290292012,
    "device": null,
    "bs_train": 128,
    "bs_test": 32,
    "batches": 100,
    "epochs": 100,
    "early_stopping": 3,
    "checkpoints": null,
    "lr": 0.0001,
    "reg": 0.001,
    "filters_per_layer": [
      32
    ],
    "layers_per_block": 4,
    "pool_every": 2,
    "hidden_dims": [
      100
    ],
    "model_type": "cnn",
    "kw": {
      "pooling_params": {
        "kernel_size": 2
      },
      "conv_params": {
        "kernel_size": 3,
        "padding": 1
      }
    }
  },
  "results": {
    "num_epochs": 30,
    "train_loss": [
      2.250130534172058,
      2.0176053965091705,
      1.9255191683769226,
      1.8238683092594146,
      1.7494681477546692,
      1.6832051539421082,
      1.636164255142212,
      1.6014245891571044,
      1.586463292837143,
      1.5745492088794708,
      1.536583970785141,
      1.5356282794475555,
      1.5252111089229583,
      1.5060192584991454,
      1.493057861328125,
      1.48464048743248,
      1.4783510863780975,
      1.4686847674846648,
      1.4538617134094238,
      1.4558571529388429,
      1.442488067150116,
      1.4389829599857331,
      1.4174035346508027,
      1.4064830446243286,
      1.4052421319484711,
      1.3882196295261382,
      1.3906341469287873,
      1.3879726672172545,
      1.372937273979187,
      1.3701890742778777
    ],
    "train_acc": [
      14.046875,
      27.3203125,
      30.96875,
      34.5,
      38.0625,
      40.1796875,
      41.7578125,
      42.5859375,
      43.0,
      43.8671875,
      44.9453125,
      44.875,
      45.578125,
      45.6796875,
      47.0859375,
      46.578125,
      46.8984375,
      47.2890625,
      48.2890625,
      47.84375,
      48.2265625,
      48.640625,
      49.3984375,
      49.96875,
      50.5546875,
      50.4296875,
      50.1171875,
      50.5,
      51.0078125,
      51.5
    ],
    "test_loss": [
      2.097755103111267,
      1.9614379060268403,
      1.8822451686859132,
      1.790217069387436,
      1.6990454149246217,
      1.6360552179813386,
      1.6048062562942504,
      1.5885194611549378,
      1.566447606086731,
      1.5446111524105073,
      1.5244126009941101,
      1.5257105660438537,
      1.5018142974376678,
      1.5015074443817138,
      1.4957121658325194,
      1.4663116872310638,
      1.467859652042389,
      1.4406771433353425,
      1.4451775348186493,
      1.4630154693126678,
      1.4310347378253936,
      1.4461129760742188,
      1.4221317148208619,
      1.4070170223712921,
      1.3892385458946228,
      1.3921963238716126,
      1.380473531484604,
      1.381787921190262,
      1.3740426218509674,
      1.360592215657234
    ],
    "test_acc": [
      27.25,
      30.75,
      33.78125,
      37.34375,
      39.46875,
      42.125,
      43.03125,
      42.84375,
      43.65625,
      44.15625,
      45.28125,
      44.71875,
      45.6875,
      45.25,
      46.375,
      47.375,
      47.09375,
      48.46875,
      47.96875,
      47.875,
      48.875,
      48.375,
      48.5,
      49.25,
      49.875,
      49.9375,
      51.25,
      50.84375,
      49.90625,
      51.0
    ]
  }
}