{
  "config": {
    "run_name": "exp1_1",
    "out_dir": "./results",
    "seed": 1238627234,
    "device": null,
    "bs_train": 32,
    "bs_test": 8,
    "batches": 100,
    "epochs": 100,
    "early_stopping": 3,
    "checkpoints": null,
    "lr": 0.0001,
    "reg": 0.0001,
    "filters_per_layer": [
      32
    ],
    "layers_per_block": 16,
    "pool_every": 16,
    "hidden_dims": [
      512,
      256
    ],
    "model_type": "cnn",
    "activation_type": "lrelu",
    "kw": {
      "pooling_params": {
        "kernel_size": 2
      },
      "conv_params": {
        "kernel_size": 3,
        "padding": 1
      }
    }
  },
  "results": {
    "num_epochs": 5,
    "train_loss": [
      2.3046677231788637,
      2.303115360736847,
      2.302993822097778,
      2.303427574634552,
      2.302310376167297
    ],
    "train_acc": [
      9.3125,
      9.875,
      10.34375,
      9.46875,
      10.15625
    ],
    "test_loss": [
      2.303160014152527,
      2.302332408428192,
      2.302168312072754,
      2.3024718260765074,
      2.303013026714325
    ],
    "test_acc": [
      8.875,
      11.5,
      11.5,
      9.75,
      11.5
    ]
  }
}