{
  "config": {
    "run_name": "exp1_1",
    "out_dir": "./results",
    "seed": 1373794248,
    "device": null,
    "bs_train": 128,
    "bs_test": 32,
    "batches": 100,
    "epochs": 100,
    "early_stopping": 3,
    "checkpoints": null,
    "lr": 0.001,
    "reg": 0.001,
    "filters_per_layer": [
      32
    ],
    "layers_per_block": 4,
    "pool_every": 2,
    "hidden_dims": [
      100
    ],
    "model_type": "cnn",
    "activation_type": "lrelu",
    "kw": {
      "pooling_params": {
        "kernel_size": 2
      },
      "conv_params": {
        "kernel_size": 3,
        "padding": 1
      }
    }
  },
  "results": {
    "num_epochs": 28,
    "train_loss": [
      2.0280456459522247,
      1.7125294077396394,
      1.5672272193431853,
      1.4810941541194915,
      1.389013682603836,
      1.3095081961154937,
      1.285297167301178,
      1.2361328864097596,
      1.2024801898002624,
      1.160355369448662,
      1.114171496629715,
      1.0629275077581406,
      1.0504667365550995,
      1.0092401468753815,
      0.9988954335451126,
      0.9744332593679428,
      0.9282664769887924,
      0.906982371211052,
      0.9029849797487259,
      0.8770193129777908,
      0.8421664756536483,
      0.8348095768690109,
      0.8138067013025284,
      0.8003308510780335,
      0.7741157650947571,
      0.7759366762638092,
      0.759146665930748,
      0.7340325075387955
    ],
    "train_acc": [
      25.3671875,
      37.96875,
      42.7578125,
      46.2734375,
      49.84375,
      53.2421875,
      53.984375,
      55.578125,
      57.1015625,
      58.5546875,
      60.09375,
      62.25,
      62.734375,
      64.2734375,
      64.421875,
      65.4453125,
      67.6640625,
      67.9921875,
      68.1015625,
      69.109375,
      70.6796875,
      70.8203125,
      71.5078125,
      72.1484375,
      72.796875,
      72.6484375,
      73.5390625,
      74.203125
    ],
    "test_loss": [
      1.8535921597480773,
      1.5891755247116088,
      1.4903728103637695,
      1.3816400003433227,
      1.3355467355251311,
      1.3306616526842117,
      1.263279983997345,
      1.2613141810894013,
      1.1850367361307144,
      1.1873140281438828,
      1.1454813355207443,
      1.1616051346063614,
      1.0680938595533371,
      1.0812281972169877,
      1.0884910017251967,
      1.012191954255104,
      1.024340831041336,
      0.9942730641365052,
      1.0091354489326476,
      0.959820157289505,
      0.9710005515813828,
      0.945468676686287,
      0.9261173033714294,
      0.9380153405666352,
      0.935391291975975,
      0.9287169420719147,
      0.9557555881142616,
      0.9238119187951088
    ],
    "test_acc": [
      32.65625,
      42.6875,
      46.46875,
      50.34375,
      52.15625,
      52.40625,
      54.84375,
      53.9375,
      57.375,
      57.625,
      58.5625,
      59.3125,
      61.875,
      62.5,
      61.75,
      64.5,
      64.1875,
      65.15625,
      63.59375,
      66.78125,
      66.34375,
      67.4375,
      67.5625,
      67.03125,
      68.09375,
      67.65625,
      67.25,
      67.75
    ]
  }
}