{
  "config": {
    "run_name": "exp1_2",
    "out_dir": "./results",
    "seed": 736115529,
    "device": null,
    "bs_train": 128,
    "bs_test": 32,
    "batches": 100,
    "epochs": 100,
    "early_stopping": 3,
    "checkpoints": null,
    "lr": 0.0001,
    "reg": 0.0001,
    "filters_per_layer": [
      64
    ],
    "layers_per_block": 2,
    "pool_every": 7,
    "hidden_dims": [
      512
    ],
    "model_type": "cnn",
    "activation_type": "lrelu",
    "kw": {
      "pooling_params": {
        "kernel_size": 2
      },
      "conv_params": {
        "kernel_size": 3,
        "padding": 1
      }
    }
  },
  "results": {
    "num_epochs": 37,
    "train_loss": [
      1.9172699332237244,
      1.625128858089447,
      1.4865620982646943,
      1.4144265127182007,
      1.3666845285892486,
      1.3118392825126648,
      1.267800076007843,
      1.2149932992458343,
      1.1919094383716584,
      1.148410210609436,
      1.117861465215683,
      1.0997045421600342,
      1.0842803692817689,
      1.0379994630813598,
      1.0402688091993333,
      0.999034795165062,
      0.9841993647813797,
      0.9668988162279128,
      0.9506849330663681,
      0.9301457077264785,
      0.9100868344306946,
      0.8818410336971283,
      0.8914352881908417,
      0.8609155094623566,
      0.8522535538673401,
      0.8303525871038437,
      0.8150447767972946,
      0.7795734083652497,
      0.779986823797226,
      0.7723553937673568,
      0.7504686814546585,
      0.7179597753286362,
      0.7265894037485122,
      0.7219536873698235,
      0.6851537591218948,
      0.677511225938797,
      0.6525332695245742
    ],
    "train_acc": [
      32.0546875,
      42.9453125,
      47.0234375,
      50.03125,
      51.78125,
      53.5234375,
      55.4140625,
      57.2421875,
      58.3125,
      59.6484375,
      61.1953125,
      61.609375,
      61.890625,
      63.8125,
      63.3125,
      65.15625,
      65.953125,
      66.28125,
      67.0703125,
      67.46875,
      68.4609375,
      69.9296875,
      69.140625,
      69.875,
      70.5234375,
      71.6171875,
      72.0390625,
      73.6953125,
      73.7109375,
      73.8046875,
      74.3828125,
      75.8203125,
      75.421875,
      75.828125,
      76.9921875,
      77.4296875,
      77.9765625
    ],
    "test_loss": [
      1.7139614033699035,
      1.5691823422908784,
      1.4766206765174865,
      1.3832476460933685,
      1.3253689724206925,
      1.322440398335457,
      1.2608862817287445,
      1.2227309989929198,
      1.2144137781858444,
      1.1963419634103776,
      1.1771644848585128,
      1.1488930100202561,
      1.153306919336319,
      1.1333590871095658,
      1.125044887661934,
      1.1094440603256226,
      1.09752003967762,
      1.089284297823906,
      1.066873985528946,
      1.0818572062253953,
      1.0500277960300446,
      1.0802218985557557,
      1.061284123659134,
      1.0318755161762239,
      1.0282239127159118,
      1.021096476316452,
      1.0168827974796295,
      1.0319656026363373,
      1.008703626394272,
      1.0098900359869003,
      0.9963514566421509,
      0.9873145222663879,
      0.9769433814287186,
      0.9880026632547378,
      1.0220040088891984,
      1.0165660846233369,
      1.0308719432353974
    ],
    "test_acc": [
      39.40625,
      43.9375,
      46.9375,
      49.875,
      52.5625,
      52.0625,
      54.3125,
      56.0,
      56.375,
      57.03125,
      58.0,
      59.1875,
      59.0,
      60.1875,
      59.5,
      59.78125,
      60.90625,
      60.875,
      61.75,
      61.53125,
      62.5,
      61.3125,
      62.375,
      63.4375,
      63.65625,
      64.25,
      63.8125,
      63.375,
      64.65625,
      65.1875,
      65.0625,
      64.5625,
      65.8125,
      66.53125,
      64.9375,
      65.3125,
      64.59375
    ]
  }
}