{
  "config": {
    "run_name": "exp1_1_L2_K32",
    "out_dir": "./results",
    "seed": 1380601597,
    "device": null,
    "bs_train": 128,
    "bs_test": 32,
    "batches": 100,
    "epochs": 100,
    "early_stopping": 3,
    "checkpoints": null,
    "lr": 0.001,
    "reg": 0.001,
    "filters_per_layer": [
      32
    ],
    "layers_per_block": 2,
    "pool_every": 2,
    "hidden_dims": [
      100
    ],
    "model_type": "cnn",
    "kw": {
      "pooling_params": {
        "kernel_size": 2
      },
      "conv_params": {
        "kernel_size": 3,
        "padding": 1
      }
    }
  },
  "results": {
    "num_epochs": 28,
    "train_loss": [
      1.9241839683055877,
      1.5509486734867095,
      1.4312266898155213,
      1.3850836479663848,
      1.3354020154476165,
      1.270261174440384,
      1.2322023558616637,
      1.2085905265808106,
      1.158026834130287,
      1.1184174078702926,
      1.0734399658441545,
      1.0526653611660004,
      1.023450670838356,
      0.9980458092689514,
      0.9858442252874374,
      0.9453184854984283,
      0.9278552049398422,
      0.9043264758586883,
      0.8760366320610047,
      0.8664298045635224,
      0.8473653531074524,
      0.8453576320409775,
      0.8112550443410873,
      0.8125125032663345,
      0.7812447869777679,
      0.7667709720134736,
      0.7664098864793778,
      0.7509950822591782
    ],
    "train_acc": [
      30.015625,
      44.234375,
      48.3125,
      50.84375,
      51.9609375,
      55.015625,
      56.15625,
      57.296875,
      58.8046875,
      60.6015625,
      62.0625,
      62.0703125,
      63.5703125,
      65.640625,
      65.1171875,
      66.5703125,
      67.6328125,
      68.4921875,
      69.4140625,
      69.8828125,
      70.109375,
      70.3203125,
      71.765625,
      71.9765625,
      72.1796875,
      73.265625,
      73.09375,
      73.90625
    ],
    "test_loss": [
      1.6256767797470093,
      1.4340160524845122,
      1.449556221961975,
      1.355308594107628,
      1.301071394085884,
      1.2481909662485122,
      1.25608679831028,
      1.1960565912723542,
      1.1813885080814361,
      1.178124656677246,
      1.127199576497078,
      1.1267584908008574,
      1.1163511097431182,
      1.091089380979538,
      1.078217693567276,
      1.0828530555963516,
      1.0393055486679077,
      1.0279102808237075,
      0.9997459757328033,
      0.9934172281622886,
      1.0276572549343108,
      1.0051636990904809,
      0.9844061246514321,
      1.01517387509346,
      0.9804144999384881,
      0.9709699922800064,
      0.9909477204084396,
      0.9748606404662132
    ],
    "test_acc": [
      41.90625,
      47.46875,
      49.46875,
      50.375,
      52.9375,
      55.90625,
      55.1875,
      56.90625,
      57.21875,
      57.5,
      60.375,
      60.625,
      60.125,
      61.78125,
      61.34375,
      61.71875,
      63.375,
      63.6875,
      64.9375,
      64.78125,
      63.53125,
      65.09375,
      65.3125,
      64.21875,
      66.25,
      66.25,
      65.59375,
      66.09375
    ]
  }
}