{
  "config": {
    "run_name": "exp1_2",
    "out_dir": "./results",
    "seed": 564320923,
    "device": null,
    "bs_train": 128,
    "bs_test": 32,
    "batches": 100,
    "epochs": 100,
    "early_stopping": 3,
    "checkpoints": null,
    "lr": 0.0001,
    "reg": 0.0001,
    "filters_per_layer": [
      32
    ],
    "layers_per_block": 2,
    "pool_every": 7,
    "hidden_dims": [
      512
    ],
    "model_type": "cnn",
    "activation_type": "lrelu",
    "kw": {
      "pooling_params": {
        "kernel_size": 2
      },
      "conv_params": {
        "kernel_size": 3,
        "padding": 1
      }
    }
  },
  "results": {
    "num_epochs": 46,
    "train_loss": [
      2.0263519787788393,
      1.7629509675502777,
      1.6301586198806763,
      1.5624972939491273,
      1.4886412048339843,
      1.4591215229034424,
      1.4181586134433746,
      1.3776170778274537,
      1.365906149148941,
      1.3167773604393005,
      1.2851944184303283,
      1.2701299381256104,
      1.250927826166153,
      1.2225379049777985,
      1.1998427903652191,
      1.1778866279125213,
      1.1877990245819092,
      1.1672450107336045,
      1.1483322763442994,
      1.1500516444444657,
      1.1366152316331863,
      1.1041330444812774,
      1.0976458549499513,
      1.083925228714943,
      1.0803652304410933,
      1.0793843680620194,
      1.0496689420938492,
      1.0462450248003006,
      1.0293796133995057,
      1.0047447204589843,
      1.022246543765068,
      1.0044521647691727,
      0.9776815676689148,
      0.9734879404306411,
      0.958992817401886,
      0.9439073127508163,
      0.9427282303571701,
      0.9451381289958953,
      0.9207721215486526,
      0.9226546978950501,
      0.9044456678628922,
      0.8951545488834382,
      0.8764355432987213,
      0.8789701718091965,
      0.8623638600111008,
      0.8448558521270751
    ],
    "train_acc": [
      26.890625,
      38.3828125,
      42.6171875,
      44.75,
      46.8515625,
      48.015625,
      49.5234375,
      51.2578125,
      52.03125,
      53.2890625,
      54.3671875,
      54.4921875,
      55.921875,
      57.28125,
      57.5703125,
      58.8203125,
      57.78125,
      59.265625,
      59.9140625,
      59.5390625,
      59.8671875,
      61.3984375,
      61.671875,
      62.2421875,
      62.1015625,
      62.5859375,
      63.0546875,
      63.375,
      64.1484375,
      64.734375,
      64.0078125,
      65.09375,
      66.15625,
      65.921875,
      66.921875,
      66.9765625,
      67.4609375,
      67.3046875,
      68.015625,
      68.3125,
      69.0,
      69.0625,
      69.84375,
      69.71875,
      70.3125,
      71.125
    ],
    "test_loss": [
      1.8334068715572358,
      1.6679251456260682,
      1.566339257955551,
      1.519871131181717,
      1.4764212727546693,
      1.4681522274017333,
      1.4001869547367096,
      1.3878848040103913,
      1.3443783718347548,
      1.3270013147592545,
      1.2975283926725387,
      1.291072251200676,
      1.2628442865610123,
      1.262661582827568,
      1.2472375243902207,
      1.23097039103508,
      1.235277447104454,
      1.2154676824808122,
      1.2021331256628036,
      1.226798528432846,
      1.1988422250747681,
      1.191350709795952,
      1.1772063583135606,
      1.1819324523210526,
      1.1779410833120345,
      1.1728398996591567,
      1.1604397743940353,
      1.1631767570972442,
      1.1458680015802383,
      1.1555565947294235,
      1.1432435673475265,
      1.1479100251197816,
      1.15111369907856,
      1.1255337631702422,
      1.1177433717250824,
      1.1122450840473175,
      1.117853004336357,
      1.1305747771263122,
      1.1136410242319108,
      1.1128410172462464,
      1.1098139774799347,
      1.1165714144706727,
      1.0984515452384949,
      1.0901168435811996,
      1.0961013484001159,
      1.108228862285614
    ],
    "test_acc": [
      37.125,
      41.4375,
      45.09375,
      45.03125,
      47.21875,
      46.5,
      49.90625,
      49.84375,
      52.0625,
      52.375,
      54.0625,
      53.90625,
      55.0,
      54.46875,
      55.4375,
      56.625,
      55.25,
      56.53125,
      57.5,
      55.15625,
      57.53125,
      57.03125,
      57.5,
      58.0,
      57.9375,
      57.0625,
      58.375,
      58.5,
      58.78125,
      58.71875,
      59.34375,
      58.4375,
      59.46875,
      59.46875,
      60.40625,
      60.0,
      60.53125,
      59.8125,
      60.78125,
      60.96875,
      60.84375,
      60.59375,
      61.65625,
      61.03125,
      61.34375,
      60.84375
    ]
  }
}