{
  "config": {
    "run_name": "exp1_1",
    "out_dir": "./results",
    "seed": 1833425110,
    "device": null,
    "bs_train": 32,
    "bs_test": 8,
    "batches": 100,
    "epochs": 100,
    "early_stopping": 3,
    "checkpoints": null,
    "lr": 0.0001,
    "reg": 0.0001,
    "filters_per_layer": [
      64
    ],
    "layers_per_block": 4,
    "pool_every": 16,
    "hidden_dims": [
      512,
      256
    ],
    "model_type": "cnn",
    "kw": {
      "pooling_params": {
        "kernel_size": 2
      },
      "conv_params": {
        "kernel_size": 3,
        "padding": 1
      }
    }
  },
  "results": {
    "num_epochs": 9,
    "train_loss": [
      2.195054448843002,
      1.9414432311058045,
      1.770933029651642,
      1.6690908122062682,
      1.604538735151291,
      1.5200838100910188,
      1.5568584716320037,
      1.5366875457763671,
      1.4793894588947296
    ],
    "train_acc": [
      17.46875,
      28.53125,
      34.1875,
      40.34375,
      43.0,
      44.78125,
      44.1875,
      45.0625,
      46.40625
    ],
    "test_loss": [
      2.017888135910034,
      1.8184267210960388,
      1.727583413720131,
      1.6835242789983749,
      1.6134831315279008,
      1.5478782558441162,
      1.555437159538269,
      1.5295911687612533,
      1.55260804772377
    ],
    "test_acc": [
      25.125,
      34.75,
      37.25,
      38.75,
      41.625,
      44.25,
      41.625,
      43.25,
      41.875
    ]
  }
}