{
  "config": {
    "run_name": "exp1_1",
    "out_dir": "./results",
    "seed": 1429094668,
    "device": null,
    "bs_train": 32,
    "bs_test": 8,
    "batches": 100,
    "epochs": 100,
    "early_stopping": 3,
    "checkpoints": null,
    "lr": 0.0001,
    "reg": 0.0001,
    "filters_per_layer": [
      64
    ],
    "layers_per_block": 2,
    "pool_every": 16,
    "hidden_dims": [
      512,
      256
    ],
    "model_type": "cnn",
    "activation_type": "lrelu",
    "kw": {
      "pooling_params": {
        "kernel_size": 2
      },
      "conv_params": {
        "kernel_size": 3,
        "padding": 1
      }
    }
  },
  "results": {
    "num_epochs": 17,
    "train_loss": [
      2.1171944844722748,
      1.8622590982913971,
      1.7570943701267243,
      1.6626479160785674,
      1.5755220985412597,
      1.543070673942566,
      1.4837123584747314,
      1.4356422567367553,
      1.3944130742549896,
      1.3590832179784775,
      1.3560772585868834,
      1.3403885555267334,
      1.3016461479663848,
      1.3008559155464172,
      1.3035329693555833,
      1.2630357831716537,
      1.2624279475212097
    ],
    "train_acc": [
      21.9375,
      32.6875,
      37.53125,
      40.84375,
      43.34375,
      44.90625,
      47.3125,
      48.375,
      49.375,
      51.75,
      51.625,
      50.96875,
      53.71875,
      54.375,
      53.1875,
      54.25,
      54.15625
    ],
    "test_loss": [
      1.9246427500247956,
      1.8231116223335266,
      1.6961720025539397,
      1.6146828955411912,
      1.5884621435403823,
      1.521223470568657,
      1.4834959387779236,
      1.4351872992515564,
      1.430591577887535,
      1.3574251872301102,
      1.344627256989479,
      1.3332782435417174,
      1.3525294703245163,
      1.3134358209371566,
      1.3181551837921142,
      1.3052638149261475,
      1.3924209862947463
    ],
    "test_acc": [
      32.25,
      34.625,
      38.0,
      43.5,
      41.625,
      43.125,
      45.125,
      45.875,
      49.375,
      51.0,
      50.375,
      50.75,
      51.375,
      51.625,
      50.125,
      50.875,
      49.375
    ]
  }
}