{
  "config": {
    "run_name": "exp1_4",
    "out_dir": "./results",
    "seed": 124306703,
    "device": null,
    "bs_train": 64,
    "bs_test": 16,
    "batches": 100,
    "epochs": 100,
    "early_stopping": 3,
    "checkpoints": null,
    "lr": 0.0001,
    "reg": 0.0001,
    "filters_per_layer": [
      64,
      128,
      256
    ],
    "layers_per_block": 2,
    "pool_every": 5,
    "hidden_dims": [
      1024
    ],
    "model_type": "resnet",
    "activation_type": "lrelu",
    "kw": {
      "pooling_params": {
        "kernel_size": 2
      }
    }
  },
  "results": {
    "num_epochs": 22,
    "train_loss": [
      1.9910432696342468,
      1.6514590752124787,
      1.535737007856369,
      1.4483098232746123,
      1.3749322283267975,
      1.283880500793457,
      1.2755347228050231,
      1.1987988620996475,
      1.1636118853092194,
      1.097733736038208,
      1.0745801776647568,
      1.0517649686336517,
      1.019269505739212,
      0.9644817316532135,
      0.9008251041173935,
      0.8839212018251419,
      0.8543565762043,
      0.8281353861093521,
      0.7777038797736168,
      0.772149288058281,
      0.7416916772723198,
      0.7004461240768433
    ],
    "train_acc": [
      28.09375,
      40.859375,
      45.390625,
      47.671875,
      50.65625,
      54.3125,
      54.015625,
      57.953125,
      58.9375,
      61.359375,
      62.953125,
      62.296875,
      64.890625,
      66.203125,
      68.640625,
      69.421875,
      70.375,
      70.890625,
      73.4375,
      73.328125,
      74.984375,
      76.1875
    ],
    "test_loss": [
      1.7498381435871124,
      1.5589300960302352,
      1.4424916541576385,
      1.404844331741333,
      1.3778335499763488,
      1.2752853751182556,
      1.2510734218358994,
      1.2058374446630478,
      1.1711784756183625,
      1.1305045062303543,
      1.1532354176044464,
      1.0725948292016982,
      1.0540421068668366,
      1.0296615383028984,
      1.012811343073845,
      0.9669942715764046,
      0.9705355960130692,
      0.9460104531049729,
      0.9253831282258034,
      0.974904156923294,
      0.9576414200663567,
      0.9455444079637527
    ],
    "test_acc": [
      35.25,
      41.75,
      47.9375,
      49.25,
      49.4375,
      52.9375,
      53.3125,
      56.5625,
      57.8125,
      57.75,
      59.9375,
      60.5,
      61.9375,
      62.6875,
      64.0,
      64.9375,
      64.25,
      65.875,
      66.6875,
      64.375,
      65.625,
      66.125
    ]
  }
}