{
  "config": {
    "run_name": "exp1_1",
    "out_dir": "./results",
    "seed": 2074127148,
    "device": null,
    "bs_train": 128,
    "bs_test": 32,
    "batches": 100,
    "epochs": 100,
    "early_stopping": 3,
    "checkpoints": null,
    "lr": 0.0001,
    "reg": 0.0001,
    "filters_per_layer": [
      64
    ],
    "layers_per_block": 8,
    "pool_every": 7,
    "hidden_dims": [
      512
    ],
    "model_type": "cnn",
    "activation_type": "lrelu",
    "kw": {
      "pooling_params": {
        "kernel_size": 2
      },
      "conv_params": {
        "kernel_size": 3,
        "padding": 1
      }
    }
  },
  "results": {
    "num_epochs": 27,
    "train_loss": [
      2.2410854792594908,
      1.9489922273159026,
      1.7734471249580384,
      1.6411228585243225,
      1.5562641656398772,
      1.4951434338092804,
      1.4397994244098664,
      1.3893723571300507,
      1.3304038333892823,
      1.282698417901993,
      1.2572826373577117,
      1.2140419846773147,
      1.1794960522651672,
      1.1362895154953003,
      1.1011992877721786,
      1.0730722564458848,
      1.0527406471967697,
      1.0019899260997773,
      0.9774325263500213,
      0.9418194073438645,
      0.9156428527832031,
      0.8665650796890259,
      0.8419487470388413,
      0.7856668657064438,
      0.7584235441684722,
      0.7296878039836884,
      0.6779917508363724
    ],
    "train_acc": [
      14.3984375,
      29.265625,
      36.4375,
      40.7109375,
      43.6953125,
      45.8359375,
      48.390625,
      50.0390625,
      52.5546875,
      54.078125,
      55.6484375,
      56.7890625,
      58.5078125,
      60.0,
      60.9140625,
      62.515625,
      62.953125,
      64.75,
      65.828125,
      67.15625,
      67.9296875,
      70.15625,
      70.9140625,
      73.03125,
      73.59375,
      75.203125,
      76.6328125
    ],
    "test_loss": [
      2.034375733137131,
      1.8807632637023926,
      1.665895380973816,
      1.5853175926208496,
      1.494116851091385,
      1.45573019862175,
      1.3856991612911225,
      1.3886769092082978,
      1.3363709807395936,
      1.326821226477623,
      1.251884286403656,
      1.2605694818496704,
      1.2265029031038284,
      1.2084753680229188,
      1.2065792244672775,
      1.2090025037527083,
      1.1731672203540802,
      1.163782902956009,
      1.1336280459165573,
      1.1619984990358352,
      1.168084635734558,
      1.1427068743109703,
      1.1476607090234756,
      1.1459922009706498,
      1.187872855067253,
      1.1377580279111863,
      1.1724698370695115
    ],
    "test_acc": [
      26.40625,
      31.59375,
      39.875,
      44.1875,
      45.59375,
      47.84375,
      50.1875,
      50.46875,
      51.8125,
      52.15625,
      55.28125,
      55.15625,
      56.34375,
      56.6875,
      57.21875,
      56.90625,
      58.90625,
      58.65625,
      60.28125,
      58.84375,
      59.3125,
      60.34375,
      61.21875,
      61.84375,
      60.78125,
      61.65625,
      61.28125
    ]
  }
}