{
  "config": {
    "run_name": "exp1_4",
    "out_dir": "./results",
    "seed": 141165691,
    "device": null,
    "bs_train": 64,
    "bs_test": 16,
    "batches": 100,
    "epochs": 100,
    "early_stopping": 3,
    "checkpoints": null,
    "lr": 0.0001,
    "reg": 0.0001,
    "filters_per_layer": [
      64,
      128,
      256
    ],
    "layers_per_block": 8,
    "pool_every": 9,
    "hidden_dims": [
      1024
    ],
    "model_type": "resnet",
    "activation_type": "lrelu",
    "kw": {
      "pooling_params": {
        "kernel_size": 2
      }
    }
  },
  "results": {
    "num_epochs": 29,
    "train_loss": [
      2.0627192997932435,
      1.8228531217575072,
      1.6555232560634614,
      1.5635905873775482,
      1.5156578016281128,
      1.433692728281021,
      1.421554263830185,
      1.3742772686481475,
      1.3273570954799652,
      1.302630022764206,
      1.2704211890697479,
      1.2655726712942124,
      1.2546595740318298,
      1.2124481290578841,
      1.1955664676427842,
      1.1755932331085206,
      1.1325772500038147,
      1.1390713661909104,
      1.1169704186916352,
      1.0984764313697815,
      1.1044855654239654,
      1.0548461520671844,
      1.0635717332363128,
      1.0222031635046005,
      1.0253820610046387,
      0.9849915277957916,
      0.9785967570543289,
      0.9984008526802063,
      0.9520868414640427
    ],
    "train_acc": [
      24.578125,
      34.671875,
      40.8125,
      43.546875,
      45.59375,
      47.515625,
      48.96875,
      49.8125,
      52.390625,
      52.21875,
      54.359375,
      54.46875,
      55.421875,
      57.171875,
      56.953125,
      58.125,
      59.21875,
      58.546875,
      60.09375,
      61.171875,
      60.953125,
      62.765625,
      62.15625,
      63.53125,
      63.765625,
      64.71875,
      65.859375,
      64.78125,
      66.265625
    ],
    "test_loss": [
      1.9311309385299682,
      1.7031922209262849,
      1.5817777663469315,
      1.5532430052757262,
      1.4613226979970932,
      1.3849755316972732,
      1.353452931046486,
      1.3040369045734406,
      1.3001364469528198,
      1.2932065010070801,
      1.2887668472528457,
      1.2432289338111877,
      1.2083050727844238,
      1.1911434310674667,
      1.1855039817094803,
      1.2005066359043122,
      1.2337675344944001,
      1.158984614610672,
      1.1513132482767106,
      1.124723151922226,
      1.1292855167388915,
      1.096969496011734,
      1.0774173897504806,
      1.058384780883789,
      1.0807588452100754,
      1.0244946345686912,
      1.0511653876304627,
      1.0510389509797096,
      1.009755127429962
    ],
    "test_acc": [
      31.5,
      39.6875,
      42.75,
      41.75,
      46.6875,
      51.1875,
      51.0,
      52.8125,
      53.1875,
      52.625,
      52.75,
      55.25,
      55.9375,
      55.9375,
      58.125,
      57.625,
      56.375,
      58.375,
      59.125,
      60.125,
      60.0625,
      60.9375,
      61.1875,
      62.0,
      61.75,
      63.3125,
      62.0625,
      63.25,
      63.0
    ]
  }
}