{
  "config": {
    "run_name": "exp1_2",
    "out_dir": "./results",
    "seed": 1911953082,
    "device": null,
    "bs_train": 128,
    "bs_test": 32,
    "batches": 100,
    "epochs": 100,
    "early_stopping": 3,
    "checkpoints": null,
    "lr": 0.0001,
    "reg": 0.0001,
    "filters_per_layer": [
      32
    ],
    "layers_per_block": 4,
    "pool_every": 7,
    "hidden_dims": [
      512
    ],
    "model_type": "cnn",
    "activation_type": "lrelu",
    "kw": {
      "pooling_params": {
        "kernel_size": 2
      },
      "conv_params": {
        "kernel_size": 3,
        "padding": 1
      }
    }
  },
  "results": {
    "num_epochs": 29,
    "train_loss": [
      2.087061746120453,
      1.7759516203403474,
      1.6287486100196837,
      1.5666666758060455,
      1.5088680171966553,
      1.4738166558742523,
      1.450801396369934,
      1.4441528975963593,
      1.4071668362617493,
      1.3863538229465484,
      1.3561847341060638,
      1.3279254972934722,
      1.3173363316059112,
      1.2823264241218566,
      1.28511026263237,
      1.2418895149230957,
      1.227735357284546,
      1.2122320419549941,
      1.196412651538849,
      1.1874530386924744,
      1.151524202823639,
      1.1560242623090744,
      1.1316132742166518,
      1.1145823061466218,
      1.0956109219789505,
      1.0747542494535447,
      1.0592060697078705,
      1.0618161398172379,
      1.042973948121071
    ],
    "train_acc": [
      24.3359375,
      36.859375,
      42.5390625,
      44.546875,
      46.3203125,
      47.34375,
      48.34375,
      48.765625,
      50.265625,
      50.125,
      52.015625,
      52.921875,
      53.1328125,
      54.3515625,
      53.8359375,
      56.09375,
      56.6015625,
      56.9140625,
      57.6328125,
      57.9453125,
      59.0546875,
      59.1328125,
      60.390625,
      61.0,
      61.234375,
      61.625,
      62.7734375,
      62.640625,
      63.4765625
    ],
    "test_loss": [
      1.8750484025478362,
      1.6879438185691833,
      1.58607879281044,
      1.5230212771892548,
      1.4846063458919525,
      1.4830400085449218,
      1.4349491262435914,
      1.4490088260173797,
      1.3925119626522064,
      1.3848013019561767,
      1.3645691019296646,
      1.3647185081243516,
      1.3456537580490113,
      1.3186505162715911,
      1.2980374270677566,
      1.2770934969186782,
      1.2798560577630997,
      1.2647914326190948,
      1.2517397093772888,
      1.2631478357315062,
      1.2217228728532792,
      1.214078226685524,
      1.215531376004219,
      1.1909796816110612,
      1.1690868830680847,
      1.1585970026254655,
      1.1702828246355057,
      1.1633265399932862,
      1.1568118315935134
    ],
    "test_acc": [
      33.90625,
      39.84375,
      43.40625,
      45.59375,
      47.03125,
      46.96875,
      48.8125,
      48.03125,
      49.59375,
      49.46875,
      51.34375,
      51.0,
      51.15625,
      52.75,
      54.65625,
      54.78125,
      54.90625,
      55.25,
      54.96875,
      54.625,
      56.46875,
      56.3125,
      56.71875,
      57.53125,
      58.84375,
      59.125,
      57.3125,
      58.875,
      58.25
    ]
  }
}