{
  "config": {
    "run_name": "exp1_2",
    "out_dir": "./results",
    "seed": 1833140298,
    "device": null,
    "bs_train": 128,
    "bs_test": 32,
    "batches": 100,
    "epochs": 100,
    "early_stopping": 3,
    "checkpoints": null,
    "lr": 0.0001,
    "reg": 0.0001,
    "filters_per_layer": [
      128
    ],
    "layers_per_block": 2,
    "pool_every": 7,
    "hidden_dims": [
      512
    ],
    "model_type": "cnn",
    "activation_type": "lrelu",
    "kw": {
      "pooling_params": {
        "kernel_size": 2
      },
      "conv_params": {
        "kernel_size": 3,
        "padding": 1
      }
    }
  },
  "results": {
    "num_epochs": 27,
    "train_loss": [
      1.8619158828258515,
      1.5230722868442534,
      1.3767486751079558,
      1.3145311343669892,
      1.2404982042312622,
      1.2010272669792175,
      1.1625634014606476,
      1.12969595849514,
      1.1008328276872634,
      1.0475467723608016,
      1.0292044973373413,
      0.9929063290357589,
      0.9637992477416992,
      0.9504998499155044,
      0.9278472673892975,
      0.9024898272752762,
      0.8827254682779312,
      0.8566876876354218,
      0.8405468016862869,
      0.7921721023321152,
      0.7948970836400986,
      0.7656481486558914,
      0.7428708028793335,
      0.7134037727117538,
      0.6947320616245269,
      0.676675164103508,
      0.6701196092367172
    ],
    "train_acc": [
      33.6015625,
      45.421875,
      50.8671875,
      53.5625,
      56.046875,
      57.8984375,
      58.7421875,
      60.546875,
      61.640625,
      63.4765625,
      64.078125,
      65.1328125,
      66.640625,
      66.9375,
      67.8984375,
      68.359375,
      69.1875,
      70.21875,
      70.7890625,
      72.5703125,
      72.4765625,
      74.0703125,
      74.390625,
      75.796875,
      76.4140625,
      77.4765625,
      77.4609375
    ],
    "test_loss": [
      1.6122874295711518,
      1.4221760737895965,
      1.3532567155361175,
      1.3103802138566971,
      1.2456521278619765,
      1.232363249063492,
      1.1883324974775313,
      1.1467809009552001,
      1.1487636744976044,
      1.1305862724781037,
      1.1144058692455292,
      1.1152372914552688,
      1.0887014389038085,
      1.0636424094438552,
      1.076321740746498,
      1.053755676150322,
      1.0802505338191986,
      1.0408735710382462,
      1.0331986433267593,
      1.0320352643728257,
      1.0169739824533464,
      1.0167334282398224,
      0.9968238162994385,
      0.9970566183328629,
      1.032834398150444,
      1.0237652724981308,
      1.0036318495869636
    ],
    "test_acc": [
      44.375,
      49.0625,
      51.90625,
      52.78125,
      55.09375,
      55.40625,
      57.40625,
      59.03125,
      58.46875,
      60.40625,
      60.46875,
      59.21875,
      61.21875,
      62.25,
      61.375,
      62.84375,
      62.65625,
      63.28125,
      64.3125,
      63.75,
      64.46875,
      64.34375,
      65.4375,
      65.59375,
      63.71875,
      64.46875,
      64.65625
    ]
  }
}