{
  "config": {
    "run_name": "exp1_1",
    "out_dir": "./results",
    "seed": 1314901543,
    "device": null,
    "bs_train": 128,
    "bs_test": 32,
    "batches": 100,
    "epochs": 100,
    "early_stopping": 3,
    "checkpoints": null,
    "lr": 0.0001,
    "reg": 0.001,
    "filters_per_layer": [
      32
    ],
    "layers_per_block": 8,
    "pool_every": 3,
    "hidden_dims": [
      100
    ],
    "model_type": "resnet",
    "kw": {
      "pooling_params": {
        "kernel_size": 2
      }
    }
  },
  "results": {
    "num_epochs": 16,
    "train_loss": [
      2.1969913458824157,
      1.975883148908615,
      1.8518417084217071,
      1.720716667175293,
      1.650469685792923,
      1.6035022783279418,
      1.5845079481601716,
      1.5580285739898683,
      1.5322243642807007,
      1.520577917098999,
      1.500878051519394,
      1.4917190563678742,
      1.4787222301959992,
      1.4641821777820587,
      1.4619097912311554,
      1.4489550113677978
    ],
    "train_acc": [
      19.6171875,
      27.6953125,
      33.578125,
      38.3984375,
      40.2890625,
      41.5,
      42.8359375,
      43.5859375,
      44.3359375,
      44.7109375,
      45.921875,
      46.046875,
      46.84375,
      47.109375,
      47.40625,
      47.3125
    ],
    "test_loss": [
      2.005463254451752,
      1.9445370817184449,
      1.776558312177658,
      1.6753098523616792,
      1.6430429685115815,
      1.5758828806877136,
      1.5719753217697143,
      1.5397825562953948,
      1.5425199055671692,
      1.5839338827133178,
      1.485299824476242,
      1.4857065880298614,
      1.4564673805236816,
      1.4650006234645843,
      1.4459252226352692,
      1.439274718761444
    ],
    "test_acc": [
      26.59375,
      31.1875,
      37.9375,
      39.78125,
      40.9375,
      42.5625,
      42.78125,
      44.375,
      43.25,
      43.65625,
      45.78125,
      46.0,
      48.03125,
      46.9375,
      47.46875,
      47.3125
    ]
  }
}