{
  "config": {
    "run_name": "exp1_1",
    "out_dir": "./results",
    "seed": 2002051536,
    "device": null,
    "bs_train": 128,
    "bs_test": 32,
    "batches": 100,
    "epochs": 100,
    "early_stopping": 3,
    "checkpoints": null,
    "lr": 0.0001,
    "reg": 0.001,
    "filters_per_layer": [
      32
    ],
    "layers_per_block": 16,
    "pool_every": 4,
    "hidden_dims": [
      100
    ],
    "model_type": "resnet",
    "kw": {
      "pooling_params": {
        "kernel_size": 2
      }
    }
  },
  "results": {
    "num_epochs": 26,
    "train_loss": [
      2.300562901496887,
      2.2719342803955076,
      2.0481816148757934,
      1.9823293113708496,
      1.9418626177310943,
      1.8846689248085022,
      1.832609521150589,
      1.8200475978851318,
      1.7754607474803925,
      1.7557472217082977,
      1.7296979820728302,
      1.704880452156067,
      1.686951767206192,
      1.6433494758605958,
      1.6308582079410554,
      1.6098330163955687,
      1.5855055725574494,
      1.5777754950523377,
      1.589288603067398,
      1.5611940336227417,
      1.5501952469348907,
      1.5666175162792206,
      1.535677024126053,
      1.5187170648574828,
      1.5215886521339417,
      1.513482266664505
    ],
    "train_acc": [
      10.203125,
      13.5625,
      23.2265625,
      26.234375,
      29.4375,
      30.90625,
      32.765625,
      33.7734375,
      34.7421875,
      34.984375,
      36.1640625,
      37.6640625,
      37.78125,
      39.4609375,
      40.796875,
      40.8828125,
      41.875,
      42.0546875,
      41.84375,
      43.078125,
      43.0234375,
      43.0859375,
      44.1796875,
      44.59375,
      43.9921875,
      44.6875
    ],
    "test_loss": [
      2.2961542439460754,
      2.1477318465709687,
      2.0010729014873503,
      1.9628143692016602,
      1.9241119277477265,
      1.8688387513160705,
      1.8967154383659364,
      1.7932899236679076,
      1.7352957367897033,
      1.7096091949939727,
      1.7052158939838409,
      1.6784312295913697,
      1.6631878006458283,
      1.6449469721317291,
      1.6106816458702087,
      1.5869918274879455,
      1.5877509272098542,
      1.551375880241394,
      1.564948740005493,
      1.5630151164531707,
      1.5338265573978425,
      1.530771288871765,
      1.4983374798297882,
      1.5183483028411866,
      1.546043494939804,
      1.5211121618747712
    ],
    "test_acc": [
      10.25,
      20.34375,
      23.875,
      27.46875,
      29.8125,
      31.875,
      31.28125,
      34.6875,
      36.8125,
      38.84375,
      39.15625,
      38.8125,
      39.5,
      39.78125,
      41.0,
      42.6875,
      43.1875,
      43.5625,
      44.09375,
      44.5,
      44.6875,
      44.25,
      46.4375,
      44.96875,
      44.5,
      46.15625
    ]
  }
}