{
  "config": {
    "run_name": "exp1_4",
    "out_dir": "./results",
    "seed": 1346186719,
    "device": null,
    "bs_train": 64,
    "bs_test": 16,
    "batches": 100,
    "epochs": 100,
    "early_stopping": 3,
    "checkpoints": null,
    "lr": 0.0001,
    "reg": 0.0001,
    "filters_per_layer": [
      32
    ],
    "layers_per_block": 32,
    "pool_every": 24,
    "hidden_dims": [
      1024
    ],
    "model_type": "resnet",
    "activation_type": "lrelu",
    "kw": {
      "pooling_params": {
        "kernel_size": 2
      }
    }
  },
  "results": {
    "num_epochs": 35,
    "train_loss": [
      2.1264545845985414,
      1.9142941665649413,
      1.8200216853618623,
      1.73541752576828,
      1.7088954842090607,
      1.6576010131835937,
      1.6046957767009735,
      1.5705073368549347,
      1.540659053325653,
      1.5140799176692963,
      1.5068702816963195,
      1.4900490725040436,
      1.4852700924873352,
      1.4431599974632263,
      1.451653037071228,
      1.436742844581604,
      1.4171719288825988,
      1.4119718956947327,
      1.3860885715484619,
      1.382417289018631,
      1.3623387002944947,
      1.36453528881073,
      1.370426483154297,
      1.3662417089939118,
      1.3371987164020538,
      1.3198565876483916,
      1.3190618717670441,
      1.3109039962291718,
      1.2846810948848724,
      1.2881179654598236,
      1.2971137899160385,
      1.2612316471338272,
      1.289016180038452,
      1.2886679261922835,
      1.2568050283193588
    ],
    "train_acc": [
      21.609375,
      32.6875,
      36.03125,
      40.0625,
      39.75,
      41.0,
      43.34375,
      44.453125,
      45.140625,
      46.5625,
      45.78125,
      46.453125,
      47.046875,
      48.4375,
      48.546875,
      48.828125,
      49.453125,
      49.65625,
      50.546875,
      50.8125,
      51.890625,
      51.296875,
      50.65625,
      50.953125,
      52.484375,
      52.671875,
      52.75,
      52.78125,
      54.3125,
      53.953125,
      53.6875,
      54.84375,
      54.875,
      53.203125,
      54.890625
    ],
    "test_loss": [
      1.96846426486969,
      1.8412105739116669,
      1.791292953491211,
      1.7122075355052948,
      1.6587203383445739,
      1.6345011568069459,
      1.6029108703136443,
      1.5676138442754746,
      1.552188137769699,
      1.5140418988466262,
      1.4804071348905563,
      1.467083666920662,
      1.454342976808548,
      1.4422267025709152,
      1.4495800882577896,
      1.4233830773830414,
      1.433638790845871,
      1.411159400343895,
      1.3935147911310195,
      1.373082076907158,
      1.3918427532911302,
      1.3594750213623046,
      1.3492062503099442,
      1.3294817262887955,
      1.3393804520368575,
      1.3097041082382201,
      1.319429998397827,
      1.307982714176178,
      1.286219277381897,
      1.2860658901929856,
      1.305467369556427,
      1.2650574606657028,
      1.2797589308023454,
      1.281171531677246,
      1.2952351069450379
    ],
    "test_acc": [
      29.1875,
      37.3125,
      36.5625,
      38.5,
      41.5625,
      41.9375,
      42.5625,
      44.3125,
      44.1875,
      45.375,
      46.8125,
      47.0625,
      48.0,
      47.5625,
      48.375,
      48.0,
      46.875,
      48.75,
      48.625,
      50.5,
      50.125,
      49.6875,
      52.0,
      50.8125,
      51.125,
      52.5,
      50.75,
      52.5,
      53.375,
      52.75,
      53.1875,
      54.875,
      53.625,
      52.125,
      52.3125
    ]
  }
}