{
  "config": {
    "run_name": "exp1_1",
    "out_dir": "./results",
    "seed": 112894216,
    "device": null,
    "bs_train": 64,
    "bs_test": 16,
    "batches": 100,
    "epochs": 100,
    "early_stopping": 3,
    "checkpoints": null,
    "lr": 0.0001,
    "reg": 0.0001,
    "filters_per_layer": [
      64
    ],
    "layers_per_block": 2,
    "pool_every": 2,
    "hidden_dims": [
      512
    ],
    "model_type": "cnn",
    "activation_type": "lrelu",
    "kw": {
      "pooling_params": {
        "kernel_size": 2
      },
      "conv_params": {
        "kernel_size": 3,
        "padding": 1
      }
    }
  },
  "results": {
    "num_epochs": 23,
    "train_loss": [
      2.0434026861190797,
      1.7845509588718413,
      1.6421950960159302,
      1.580444403886795,
      1.48863058924675,
      1.4581794941425323,
      1.405605252981186,
      1.384080765247345,
      1.3433336102962494,
      1.2927865421772002,
      1.3216772127151488,
      1.2661021339893341,
      1.238916392326355,
      1.21534581720829,
      1.1939766418933868,
      1.1650193172693253,
      1.1620298528671265,
      1.1512831664085388,
      1.1335898607969284,
      1.1344472867250444,
      1.118449621796608,
      1.0807109242677688,
      1.0616591238975526
    ],
    "train_acc": [
      26.734375,
      36.828125,
      41.359375,
      45.15625,
      46.890625,
      48.046875,
      49.828125,
      50.859375,
      52.40625,
      53.265625,
      53.015625,
      55.03125,
      56.1875,
      57.25,
      58.046875,
      58.375,
      60.0625,
      59.359375,
      59.828125,
      60.4375,
      61.296875,
      62.75,
      63.0
    ],
    "test_loss": [
      1.8647257912158965,
      1.6970054411888122,
      1.586297928094864,
      1.5217970985174178,
      1.4798508781194686,
      1.4416403806209563,
      1.4069337344169617,
      1.3417416566610336,
      1.3303255039453505,
      1.2803084206581117,
      1.3140333807468414,
      1.263927309513092,
      1.2245397901535033,
      1.2039909040927887,
      1.2051524651050567,
      1.1756073039770127,
      1.1684023499488831,
      1.181770071387291,
      1.158960818052292,
      1.133476563692093,
      1.1207853984832763,
      1.0967102682590484,
      1.1272136661410332
    ],
    "test_acc": [
      34.3125,
      40.1875,
      44.0,
      45.8125,
      48.125,
      48.0,
      48.8125,
      51.9375,
      51.75,
      54.5,
      53.5625,
      55.1875,
      55.4375,
      57.0625,
      56.5,
      58.0,
      58.4375,
      57.4375,
      57.8125,
      59.5,
      59.0625,
      59.0,
      59.5
    ]
  }
}