{
  "config": {
    "run_name": "exp1_2",
    "out_dir": "./results",
    "seed": 2124677269,
    "device": null,
    "bs_train": 64,
    "bs_test": 16,
    "batches": 100,
    "epochs": 100,
    "early_stopping": 3,
    "checkpoints": null,
    "lr": 0.0001,
    "reg": 0.0001,
    "filters_per_layer": [
      128
    ],
    "layers_per_block": 8,
    "pool_every": 7,
    "hidden_dims": [
      512
    ],
    "model_type": "cnn",
    "activation_type": "lrelu",
    "kw": {
      "pooling_params": {
        "kernel_size": 2
      },
      "conv_params": {
        "kernel_size": 3,
        "padding": 1
      }
    }
  },
  "results": {
    "num_epochs": 34,
    "train_loss": [
      2.182907351255417,
      1.9283435261249542,
      1.77119389295578,
      1.6524251508712768,
      1.5634317541122436,
      1.495906833410263,
      1.4609584927558898,
      1.3956891477108002,
      1.3339338791370392,
      1.270852239727974,
      1.2376542043685914,
      1.2014623218774796,
      1.1586882770061493,
      1.0981690192222595,
      1.0542612427473068,
      1.0245541393756867,
      0.9935983413457871,
      0.9543623620271683,
      0.8872417545318604,
      0.8561312848329544,
      0.8298315244913101,
      0.7690756964683533,
      0.7244617891311645,
      0.696208687722683,
      0.6692828840017319,
      0.6126097689568997,
      0.6274164649844169,
      0.5597315916419029,
      0.5423817864060402,
      0.47781197264790537,
      0.4579230946302414,
      0.3975402767956257,
      0.3799934485554695,
      0.3615751937031746
    ],
    "train_acc": [
      18.0,
      30.203125,
      36.359375,
      40.640625,
      44.171875,
      46.0625,
      48.15625,
      49.09375,
      52.625,
      55.265625,
      56.3125,
      58.125,
      58.953125,
      61.75,
      62.59375,
      64.625,
      65.140625,
      66.234375,
      69.015625,
      71.125,
      71.78125,
      74.1875,
      75.921875,
      77.0,
      77.609375,
      79.890625,
      80.03125,
      82.3125,
      82.828125,
      84.96875,
      85.75,
      87.25,
      88.328125,
      88.65625
    ],
    "test_loss": [
      1.996669545173645,
      1.8504719805717469,
      1.867550141811371,
      1.6849979174137115,
      1.488016892671585,
      1.4477734565734863,
      1.4094484591484069,
      1.3471641993522645,
      1.2786520326137543,
      1.2471340584754944,
      1.2288402813673018,
      1.2626993906497956,
      1.1710098707675933,
      1.2424010184407235,
      1.1687692612409593,
      1.1343224030733108,
      1.0962608018517495,
      1.0679976752400397,
      1.0735316717624663,
      1.0713924106955528,
      1.0371447438001633,
      1.0687671107053758,
      1.0421799078583718,
      1.0361081808805466,
      1.070580466389656,
      1.0606810426712037,
      1.0480954563617706,
      1.0765553785860538,
      1.0619433483481406,
      1.1314635398983954,
      1.102208774983883,
      1.157258198261261,
      1.1386114323139191,
      1.1835916343331336
    ],
    "test_acc": [
      27.5,
      33.8125,
      34.6875,
      39.3125,
      46.875,
      48.1875,
      50.1875,
      50.75,
      54.6875,
      55.375,
      55.5625,
      55.3125,
      57.4375,
      54.75,
      58.25,
      57.9375,
      60.0,
      60.4375,
      61.5,
      62.0,
      62.0,
      63.125,
      63.6875,
      63.9375,
      63.0625,
      63.9375,
      64.3125,
      64.5625,
      64.125,
      64.6875,
      66.75,
      66.3125,
      65.75,
      66.0
    ]
  }
}