{
  "config": {
    "run_name": "exp1_1",
    "out_dir": "./results",
    "seed": 393796815,
    "device": null,
    "bs_train": 128,
    "bs_test": 32,
    "batches": 100,
    "epochs": 100,
    "early_stopping": 3,
    "checkpoints": null,
    "lr": 0.0001,
    "reg": 0.0001,
    "filters_per_layer": [
      64
    ],
    "layers_per_block": 4,
    "pool_every": 2,
    "hidden_dims": [
      512
    ],
    "model_type": "cnn",
    "activation_type": "lrelu",
    "kw": {
      "pooling_params": {
        "kernel_size": 2
      },
      "conv_params": {
        "kernel_size": 3,
        "padding": 1
      }
    }
  },
  "results": {
    "num_epochs": 23,
    "train_loss": [
      2.128416361808777,
      1.830019645690918,
      1.637406392097473,
      1.5389141011238099,
      1.4882381546497345,
      1.4633189725875855,
      1.4154176580905915,
      1.396314741373062,
      1.3552132761478424,
      1.34665806889534,
      1.3104418647289275,
      1.2909202802181243,
      1.268567409515381,
      1.2337229055166246,
      1.2299519157409669,
      1.214339229464531,
      1.1704724580049515,
      1.189232313632965,
      1.1406446719169616,
      1.1549300611019135,
      1.1236276721954346,
      1.124799550175667,
      1.089565697312355
    ],
    "train_acc": [
      21.328125,
      34.1171875,
      41.359375,
      44.8203125,
      46.5859375,
      47.34375,
      49.421875,
      50.15625,
      51.625,
      51.8828125,
      53.5078125,
      54.1796875,
      54.8125,
      56.390625,
      57.0546875,
      56.625,
      58.484375,
      57.890625,
      59.5390625,
      59.1953125,
      60.6875,
      60.0078125,
      61.671875
    ],
    "test_loss": [
      1.9435639190673828,
      1.7087332391738892,
      1.6278955006599427,
      1.5128860223293303,
      1.4785066282749175,
      1.4441644847393036,
      1.4081509232521057,
      1.373272281885147,
      1.3335656762123107,
      1.3182906371355056,
      1.282662581205368,
      1.2689698535203933,
      1.2565957874059677,
      1.2424855929613114,
      1.2176552993059158,
      1.2113805216550828,
      1.196715037226677,
      1.1858061319589615,
      1.18125406563282,
      1.152698528766632,
      1.1576079815626144,
      1.1645018303394317,
      1.1361501049995422
    ],
    "test_acc": [
      30.6875,
      39.46875,
      41.21875,
      45.46875,
      47.125,
      48.40625,
      50.1875,
      51.03125,
      53.03125,
      52.5625,
      54.8125,
      55.09375,
      56.1875,
      56.125,
      56.375,
      56.71875,
      57.0625,
      57.75,
      57.90625,
      59.53125,
      59.34375,
      58.78125,
      59.53125
    ]
  }
}