{
  "config": {
    "run_name": "exp1_2",
    "out_dir": "./results",
    "seed": 1256614414,
    "device": null,
    "bs_train": 64,
    "bs_test": 16,
    "batches": 100,
    "epochs": 100,
    "early_stopping": 3,
    "checkpoints": null,
    "lr": 0.0001,
    "reg": 0.0001,
    "filters_per_layer": [
      64
    ],
    "layers_per_block": 8,
    "pool_every": 7,
    "hidden_dims": [
      512
    ],
    "model_type": "cnn",
    "activation_type": "lrelu",
    "kw": {
      "pooling_params": {
        "kernel_size": 2
      },
      "conv_params": {
        "kernel_size": 3,
        "padding": 1
      }
    }
  },
  "results": {
    "num_epochs": 19,
    "train_loss": [
      2.285371413230896,
      2.0011507523059846,
      1.8733925366401671,
      1.7445284986495972,
      1.6560383558273315,
      1.563279378414154,
      1.5265010583400727,
      1.4771575379371642,
      1.4734704446792604,
      1.438884390592575,
      1.3910442459583283,
      1.3669264018535614,
      1.339609566926956,
      1.3407907783985138,
      1.2904418897628784,
      1.2573395210504532,
      1.2289054483175277,
      1.223606405854225,
      1.197763487100601
    ],
    "train_acc": [
      12.578125,
      26.859375,
      30.75,
      35.4375,
      39.921875,
      43.59375,
      44.15625,
      46.265625,
      46.46875,
      49.234375,
      50.5,
      50.9375,
      52.53125,
      51.03125,
      53.84375,
      54.96875,
      55.78125,
      56.328125,
      57.859375
    ],
    "test_loss": [
      2.1409735214710235,
      1.9274572718143463,
      1.8416380298137665,
      1.72069145321846,
      1.592855190038681,
      1.5264730668067932,
      1.491591550707817,
      1.4417653757333755,
      1.4255812627077102,
      1.378554720878601,
      1.3669867795705795,
      1.3395846164226533,
      1.3530757683515549,
      1.3522427237033845,
      1.2936326855421065,
      1.271322286128998,
      1.2994478631019593,
      1.2607209527492522,
      1.23770469725132
    ],
    "test_acc": [
      20.875,
      30.5625,
      30.3125,
      38.0625,
      41.5625,
      44.125,
      46.4375,
      47.875,
      48.375,
      49.9375,
      50.1875,
      51.9375,
      51.4375,
      51.9375,
      54.5625,
      56.1875,
      53.1875,
      54.125,
      55.75
    ]
  }
}