{
  "config": {
    "run_name": "exp1_3",
    "out_dir": "./results",
    "seed": 685902554,
    "device": null,
    "bs_train": 64,
    "bs_test": 16,
    "batches": 100,
    "epochs": 100,
    "early_stopping": 3,
    "checkpoints": null,
    "lr": 0.0001,
    "reg": 0.0001,
    "filters_per_layer": [
      64,
      128
    ],
    "layers_per_block": 3,
    "pool_every": 7,
    "hidden_dims": [
      512
    ],
    "model_type": "cnn",
    "activation_type": "lrelu",
    "kw": {
      "pooling_params": {
        "kernel_size": 2
      },
      "conv_params": {
        "kernel_size": 3,
        "padding": 1
      }
    }
  },
  "results": {
    "num_epochs": 17,
    "train_loss": [
      2.115365825891495,
      1.8465006303787233,
      1.6560946834087371,
      1.616663907766342,
      1.5320544338226318,
      1.4986011326313018,
      1.4390994215011597,
      1.3768830633163451,
      1.3626931881904603,
      1.343658878803253,
      1.2924844914674758,
      1.290751074552536,
      1.2434080159664154,
      1.1950991064310075,
      1.1769364804029465,
      1.1810307699441909,
      1.1258450865745544
    ],
    "train_acc": [
      21.703125,
      33.875,
      40.59375,
      41.125,
      44.921875,
      46.375,
      49.28125,
      50.21875,
      51.5625,
      51.75,
      53.359375,
      54.1875,
      54.75,
      57.671875,
      58.5,
      58.421875,
      60.109375
    ],
    "test_loss": [
      1.9713641047477721,
      1.753391798734665,
      1.6064602524042129,
      1.5764363580942153,
      1.5395330256223678,
      1.4706988310813904,
      1.4148128873109818,
      1.4195502638816833,
      1.3988386487960816,
      1.378700365424156,
      1.341916068792343,
      1.2827619230747223,
      1.2768164998292924,
      1.2606970435380935,
      1.2313426357507706,
      1.2840937966108321,
      1.2234656554460526
    ],
    "test_acc": [
      29.8125,
      36.9375,
      42.0,
      41.5,
      43.5,
      46.8125,
      49.625,
      49.125,
      50.6875,
      50.0625,
      53.5,
      54.625,
      55.0,
      55.1875,
      54.9375,
      53.9375,
      54.5625
    ]
  }
}