{
  "config": {
    "run_name": "exp1_4",
    "out_dir": "./results",
    "seed": 520969735,
    "device": null,
    "bs_train": 64,
    "bs_test": 16,
    "batches": 100,
    "epochs": 100,
    "early_stopping": 3,
    "checkpoints": null,
    "lr": 0.0001,
    "reg": 0.0001,
    "filters_per_layer": [
      64,
      128,
      256
    ],
    "layers_per_block": 4,
    "pool_every": 9,
    "hidden_dims": [
      1024
    ],
    "model_type": "resnet",
    "activation_type": "lrelu",
    "kw": {
      "pooling_params": {
        "kernel_size": 2
      }
    }
  },
  "results": {
    "num_epochs": 24,
    "train_loss": [
      1.977531489133835,
      1.6524707782268524,
      1.586886613368988,
      1.454528080224991,
      1.3861299848556519,
      1.3178766894340515,
      1.2425440394878386,
      1.2468746721744537,
      1.1963575458526612,
      1.158505221605301,
      1.1491534453630448,
      1.0720368975400925,
      1.066939533352852,
      1.0433154565095901,
      0.980098438858986,
      0.9572547394037246,
      0.9244396829605103,
      0.8928432232141494,
      0.8581109184026718,
      0.8398990935087204,
      0.8041593670845032,
      0.7827740597724915,
      0.7586062228679658,
      0.7250180894136429
    ],
    "train_acc": [
      29.4375,
      40.734375,
      42.78125,
      47.46875,
      50.8125,
      53.203125,
      54.859375,
      55.484375,
      57.375,
      59.0625,
      59.5,
      62.25,
      62.15625,
      63.46875,
      64.875,
      66.515625,
      68.15625,
      68.75,
      69.828125,
      70.25,
      71.953125,
      72.484375,
      74.265625,
      74.65625
    ],
    "test_loss": [
      1.7626444017887115,
      1.574372181892395,
      1.4697683066129685,
      1.4164874291419982,
      1.3059395968914032,
      1.3318974936008454,
      1.286652391552925,
      1.2208032345771789,
      1.2396522450447083,
      1.1349126148223876,
      1.1276898139715195,
      1.1214116024971008,
      1.085335658788681,
      1.0826546835899353,
      1.0141976174712182,
      1.0567460772395134,
      0.9761387598514557,
      0.9600888794660568,
      0.9395713379979134,
      0.9172713315486908,
      0.8626366832852363,
      0.8618864452838898,
      0.8939614719152451,
      0.899834596812725
    ],
    "test_acc": [
      36.375,
      42.625,
      46.4375,
      48.5625,
      52.1875,
      51.3125,
      52.75,
      55.3125,
      55.3125,
      59.25,
      59.0,
      59.6875,
      61.4375,
      61.0625,
      63.3125,
      61.375,
      65.6875,
      65.9375,
      67.1875,
      68.0625,
      69.9375,
      68.375,
      69.0625,
      68.875
    ]
  }
}