{
  "config": {
    "run_name": "exp1_1",
    "out_dir": "./results",
    "seed": 1841544516,
    "device": null,
    "bs_train": 128,
    "bs_test": 32,
    "batches": 100,
    "epochs": 100,
    "early_stopping": 3,
    "checkpoints": null,
    "lr": 0.0001,
    "reg": 0.001,
    "filters_per_layer": [
      32
    ],
    "layers_per_block": 2,
    "pool_every": 2,
    "hidden_dims": [
      100
    ],
    "model_type": "cnn",
    "kw": {
      "pooling_params": {
        "kernel_size": 2
      },
      "conv_params": {
        "kernel_size": 3,
        "padding": 1
      }
    }
  },
  "results": {
    "num_epochs": 28,
    "train_loss": [
      2.1711559295654297,
      1.9338490641117096,
      1.8371381437778473,
      1.7554671251773835,
      1.68543315410614,
      1.6306371915340423,
      1.5889664089679718,
      1.5530973422527312,
      1.5117624974250794,
      1.4791255259513856,
      1.4846020495891572,
      1.4433934831619262,
      1.4325807321071624,
      1.4163435876369477,
      1.3951568603515625,
      1.3792951202392578,
      1.3609165716171265,
      1.3484324598312378,
      1.3400277304649353,
      1.319122849702835,
      1.3158532786369324,
      1.3046337056159973,
      1.2877247381210326,
      1.289035791158676,
      1.2679144358634948,
      1.2497174644470215,
      1.2433793294429778,
      1.2415274894237518
    ],
    "train_acc": [
      21.1171875,
      31.4140625,
      35.2578125,
      38.21875,
      41.015625,
      42.8828125,
      43.796875,
      45.515625,
      46.7734375,
      48.15625,
      47.9296875,
      49.4609375,
      49.59375,
      49.8984375,
      50.6796875,
      51.1953125,
      51.9375,
      52.859375,
      52.734375,
      53.3671875,
      53.9375,
      53.953125,
      54.8125,
      54.71875,
      55.3828125,
      56.078125,
      56.453125,
      56.7265625
    ],
    "test_loss": [
      2.005938388109207,
      1.8907703137397767,
      1.7871965515613555,
      1.725086281299591,
      1.6603776121139526,
      1.6182380425930023,
      1.5730014848709106,
      1.540358077287674,
      1.506554354429245,
      1.4862669491767884,
      1.4640143632888794,
      1.4462453174591063,
      1.4343590688705445,
      1.4260024631023407,
      1.3992348784208297,
      1.3847960460186004,
      1.3766001677513122,
      1.347849497795105,
      1.355705981850624,
      1.3318224769830704,
      1.3286840951442718,
      1.3249360996484756,
      1.2988785433769225,
      1.2951069098711014,
      1.290635295510292,
      1.2865061980485917,
      1.2688482654094697,
      1.2838300383090973
    ],
    "test_acc": [
      28.46875,
      33.84375,
      36.96875,
      40.21875,
      42.96875,
      43.375,
      45.15625,
      45.96875,
      46.625,
      47.03125,
      47.9375,
      48.8125,
      49.4375,
      49.34375,
      50.46875,
      50.5625,
      50.625,
      52.5,
      52.40625,
      53.09375,
      52.65625,
      53.0,
      54.0625,
      54.53125,
      55.15625,
      54.625,
      54.40625,
      54.1875
    ]
  }
}