{
  "config": {
    "run_name": "exp1_4",
    "out_dir": "./results",
    "seed": 1235164442,
    "device": null,
    "bs_train": 64,
    "bs_test": 16,
    "batches": 100,
    "epochs": 100,
    "early_stopping": 3,
    "checkpoints": null,
    "lr": 0.0001,
    "reg": 0.0001,
    "filters_per_layer": [
      32
    ],
    "layers_per_block": 16,
    "pool_every": 8,
    "hidden_dims": [
      1024,
      512
    ],
    "model_type": "resnet",
    "activation_type": "lrelu",
    "kw": {
      "pooling_params": {
        "kernel_size": 2
      }
    }
  },
  "results": {
    "num_epochs": 24,
    "train_loss": [
      2.2271386075019834,
      1.9926485693454743,
      1.8587087643146516,
      1.7594374132156372,
      1.6609717118740082,
      1.6336199057102203,
      1.5747959065437316,
      1.5204641914367676,
      1.5155967020988463,
      1.5097084307670594,
      1.5020475602149963,
      1.4585279726982117,
      1.4541828644275665,
      1.4348033738136292,
      1.4086896562576294,
      1.4004424238204956,
      1.3752778792381286,
      1.3810196101665497,
      1.3850514233112334,
      1.3498656249046326,
      1.3379562956094742,
      1.3249227917194366,
      1.324971348643303,
      1.287819908261299
    ],
    "train_acc": [
      17.625,
      26.546875,
      32.25,
      35.890625,
      39.625,
      39.90625,
      43.0625,
      43.90625,
      45.984375,
      44.921875,
      44.59375,
      46.078125,
      46.953125,
      48.421875,
      49.75,
      49.78125,
      50.65625,
      50.015625,
      49.234375,
      52.015625,
      52.28125,
      51.8125,
      53.1875,
      53.421875
    ],
    "test_loss": [
      2.073285610675812,
      1.9146693909168244,
      1.7659965252876282,
      1.7423653936386108,
      1.636675157546997,
      1.580320895910263,
      1.59112375497818,
      1.5303370642662049,
      1.4970831441879273,
      1.4785996192693711,
      1.439110785126686,
      1.4466664600372314,
      1.449954053759575,
      1.391617905497551,
      1.384421763420105,
      1.3671863251924514,
      1.3601365137100219,
      1.3203278660774231,
      1.3805668377876281,
      1.31568193256855,
      1.289148600101471,
      1.3382283025979995,
      1.238042739033699,
      1.2622254747152328
    ],
    "test_acc": [
      20.8125,
      30.75,
      37.125,
      35.75,
      41.0625,
      43.5625,
      42.0625,
      43.75,
      46.0,
      45.5,
      47.1875,
      46.5,
      46.0625,
      47.375,
      50.0625,
      50.3125,
      50.6875,
      51.1875,
      50.0,
      52.75,
      53.9375,
      50.5,
      53.75,
      53.8125
    ]
  }
}