{
  "config": {
    "run_name": "exp1_3",
    "out_dir": "./results",
    "seed": 35987411,
    "device": null,
    "bs_train": 64,
    "bs_test": 16,
    "batches": 100,
    "epochs": 100,
    "early_stopping": 3,
    "checkpoints": null,
    "lr": 0.0001,
    "reg": 0.0001,
    "filters_per_layer": [
      64,
      128
    ],
    "layers_per_block": 2,
    "pool_every": 7,
    "hidden_dims": [
      512
    ],
    "model_type": "cnn",
    "activation_type": "lrelu",
    "kw": {
      "pooling_params": {
        "kernel_size": 2
      },
      "conv_params": {
        "kernel_size": 3,
        "padding": 1
      }
    }
  },
  "results": {
    "num_epochs": 25,
    "train_loss": [
      2.008212229013443,
      1.6906540143489837,
      1.5330729746818543,
      1.4652458250522613,
      1.3781611943244934,
      1.31203353703022,
      1.263637617826462,
      1.2472486203908921,
      1.205904638171196,
      1.1914439725875854,
      1.1591766101121903,
      1.1150781625509263,
      1.1026389408111572,
      1.0816823464632035,
      1.0423502981662751,
      1.0191360902786255,
      1.0034310907125472,
      0.9809472155570984,
      0.9559821212291717,
      0.9466363453865051,
      0.9029766631126404,
      0.9212978106737136,
      0.8667852395772934,
      0.8808045130968094,
      0.8069614899158478
    ],
    "train_acc": [
      26.765625,
      39.8125,
      44.59375,
      47.3125,
      50.0625,
      52.921875,
      55.140625,
      55.3125,
      58.015625,
      57.78125,
      58.40625,
      60.71875,
      60.96875,
      61.453125,
      62.890625,
      64.03125,
      64.984375,
      65.84375,
      66.734375,
      66.4375,
      68.6875,
      67.609375,
      69.78125,
      69.265625,
      71.796875
    ],
    "test_loss": [
      1.8052400851249695,
      1.631926981806755,
      1.4905091375112534,
      1.4268394720554352,
      1.3736829549074172,
      1.3098459297418594,
      1.3251518630981445,
      1.2655935400724412,
      1.2262272316217422,
      1.2078844380378724,
      1.1828852778673171,
      1.1884936624765396,
      1.142940383553505,
      1.1256110382080078,
      1.1692211204767227,
      1.090741105079651,
      1.1021830821037293,
      1.0686148914694786,
      1.1104534828662873,
      1.0516454899311065,
      1.0534689065814018,
      1.0257218798995018,
      1.0331033000349998,
      1.0257539162039757,
      1.0282061576843262
    ],
    "test_acc": [
      34.3125,
      39.8125,
      46.25,
      48.5,
      50.3125,
      52.1875,
      52.25,
      54.5625,
      56.75,
      56.5,
      58.5625,
      58.3125,
      60.0,
      59.375,
      59.3125,
      60.9375,
      61.125,
      61.125,
      59.875,
      61.75,
      61.1875,
      64.0,
      62.25,
      63.625,
      63.25
    ]
  }
}