{
  "config": {
    "run_name": "exp1_1",
    "out_dir": "./results",
    "seed": 511538078,
    "device": null,
    "bs_train": 32,
    "bs_test": 8,
    "batches": 100,
    "epochs": 100,
    "early_stopping": 3,
    "checkpoints": null,
    "lr": 0.0001,
    "reg": 0.0001,
    "filters_per_layer": [
      64
    ],
    "layers_per_block": 8,
    "pool_every": 16,
    "hidden_dims": [
      512,
      256
    ],
    "model_type": "cnn",
    "kw": {
      "pooling_params": {
        "kernel_size": 2
      },
      "conv_params": {
        "kernel_size": 3,
        "padding": 1
      }
    }
  },
  "results": {
    "num_epochs": 27,
    "train_loss": [
      2.278878219127655,
      2.039950988292694,
      1.9471490931510926,
      1.9283692574501037,
      1.8526142930984497,
      1.7798158073425292,
      1.6956367528438567,
      1.6592126345634461,
      1.6151985108852387,
      1.5554764342308045,
      1.5604572355747224,
      1.4776436841487885,
      1.5038562715053558,
      1.4863282239437103,
      1.442996277809143,
      1.4052598696947098,
      1.3995777213573455,
      1.410677537918091,
      1.3761622911691667,
      1.3268501949310303,
      1.3225479602813721,
      1.3055925041437149,
      1.3157234692573547,
      1.3085446858406067,
      1.2610833597183229,
      1.2188229316473007,
      1.219312279820442
    ],
    "train_acc": [
      12.0625,
      25.53125,
      28.34375,
      28.46875,
      33.46875,
      35.84375,
      38.625,
      40.6875,
      41.4375,
      43.3125,
      43.46875,
      45.34375,
      45.375,
      46.28125,
      47.625,
      49.125,
      49.0625,
      48.78125,
      50.03125,
      52.125,
      51.84375,
      51.96875,
      53.625,
      52.28125,
      54.4375,
      55.1875,
      56.84375
    ],
    "test_loss": [
      2.1587396728992463,
      1.9304793429374696,
      1.8695846390724182,
      1.8283629834651947,
      1.845970163345337,
      1.7365325212478637,
      1.6815453588962554,
      1.6033950018882752,
      1.5991494327783584,
      1.5572331523895264,
      1.5576830333471299,
      1.4977577286958694,
      1.5096504491567613,
      1.473689727783203,
      1.42965780377388,
      1.3968206590414047,
      1.4406196457147598,
      1.3855367159843446,
      1.3573845219612122,
      1.376407306790352,
      1.3455743408203125,
      1.3879636597633362,
      1.3328217566013336,
      1.2758112347126007,
      1.2682033109664916,
      1.2612084117531777,
      1.2423974007368088
    ],
    "test_acc": [
      17.875,
      29.875,
      32.625,
      28.25,
      29.25,
      36.125,
      36.75,
      41.875,
      40.875,
      42.0,
      42.25,
      46.375,
      47.25,
      46.125,
      47.875,
      47.75,
      46.125,
      48.125,
      48.375,
      47.25,
      51.75,
      47.75,
      50.875,
      54.375,
      54.25,
      53.875,
      53.625
    ]
  }
}