{
  "config": {
    "run_name": "exp1_2",
    "out_dir": "./results",
    "seed": 1554205399,
    "device": null,
    "bs_train": 64,
    "bs_test": 16,
    "batches": 100,
    "epochs": 100,
    "early_stopping": 3,
    "checkpoints": null,
    "lr": 0.0001,
    "reg": 0.0001,
    "filters_per_layer": [
      128
    ],
    "layers_per_block": 4,
    "pool_every": 7,
    "hidden_dims": [
      512
    ],
    "model_type": "cnn",
    "activation_type": "lrelu",
    "kw": {
      "pooling_params": {
        "kernel_size": 2
      },
      "conv_params": {
        "kernel_size": 3,
        "padding": 1
      }
    }
  },
  "results": {
    "num_epochs": 14,
    "train_loss": [
      2.008588361740112,
      1.6776182770729064,
      1.5526108050346374,
      1.4361672735214233,
      1.3783158206939696,
      1.3171089482307434,
      1.2672941339015962,
      1.2343937474489213,
      1.2180683183670045,
      1.1965907251834869,
      1.1271786493062974,
      1.0748051530122757,
      1.0781539237499238,
      1.0343480283021926
    ],
    "train_acc": [
      25.9375,
      40.03125,
      44.0,
      48.328125,
      50.640625,
      53.03125,
      54.921875,
      56.125,
      56.90625,
      57.875,
      59.671875,
      61.6875,
      62.71875,
      63.0
    ],
    "test_loss": [
      1.8293684315681458,
      1.6465489995479583,
      1.4743938356637956,
      1.470961900949478,
      1.3443542927503587,
      1.301267876625061,
      1.2601647937297822,
      1.2404642647504807,
      1.2203598827123643,
      1.1788038355112076,
      1.136524784564972,
      1.1437512701749801,
      1.115735747218132,
      1.120354907810688
    ],
    "test_acc": [
      34.0625,
      39.5,
      45.8125,
      45.1875,
      51.8125,
      53.0625,
      54.8125,
      55.3125,
      55.75,
      57.3125,
      59.6875,
      58.6875,
      59.125,
      59.4375
    ]
  }
}