{
  "config": {
    "run_name": "exp1_1",
    "out_dir": "./results",
    "seed": 1107681308,
    "device": null,
    "bs_train": 64,
    "bs_test": 16,
    "batches": 100,
    "epochs": 100,
    "early_stopping": 3,
    "checkpoints": null,
    "lr": 1e-05,
    "reg": 0.001,
    "filters_per_layer": [
      32
    ],
    "layers_per_block": 8,
    "pool_every": 8,
    "hidden_dims": [
      1024
    ],
    "model_type": "cnn",
    "activation_type": "lrelu",
    "kw": {
      "pooling_params": {
        "kernel_size": 2
      },
      "conv_params": {
        "kernel_size": 3,
        "padding": 1
      }
    }
  },
  "results": {
    "num_epochs": 19,
    "train_loss": [
      2.3028802609443666,
      2.3027879762649537,
      2.302710440158844,
      2.3016757130622865,
      2.283448431491852,
      2.166564631462097,
      2.0441684210300446,
      1.993879177570343,
      1.9706232678890228,
      1.964031925201416,
      1.9418134832382201,
      1.9300935304164886,
      1.9288181340694428,
      1.9240618252754211,
      1.9177942764759064,
      1.9084690880775452,
      1.8877531826496123,
      1.8751972496509552,
      1.851704763174057
    ],
    "train_acc": [
      9.84375,
      9.828125,
      10.140625,
      10.765625,
      15.4375,
      22.421875,
      25.59375,
      26.40625,
      27.875,
      28.625,
      29.140625,
      29.484375,
      29.453125,
      30.09375,
      29.71875,
      30.890625,
      31.125,
      32.375,
      33.3125
    ],
    "test_loss": [
      2.303154993057251,
      2.3029516625404356,
      2.302631061077118,
      2.2990575504302977,
      2.2492523407936096,
      2.0857839334011077,
      2.009353896379471,
      1.9785759735107422,
      1.9663542938232421,
      1.9502814161777495,
      1.934924840927124,
      1.9284014689922333,
      1.9096737957000733,
      1.9015272045135498,
      1.8907297432422638,
      1.883679860830307,
      1.8732137966156006,
      1.87737384557724,
      1.8557046127319337
    ],
    "test_acc": [
      9.9375,
      9.8125,
      13.1875,
      14.1875,
      16.9375,
      24.25,
      27.625,
      28.9375,
      29.0,
      28.375,
      29.75,
      29.625,
      31.875,
      31.875,
      31.75,
      33.0625,
      32.875,
      30.25,
      33.0
    ]
  }
}