{
  "config": {
    "run_name": "exp1_1",
    "out_dir": "./results",
    "seed": 1558185294,
    "device": null,
    "bs_train": 128,
    "bs_test": 32,
    "batches": 100,
    "epochs": 100,
    "early_stopping": 3,
    "checkpoints": null,
    "lr": 0.001,
    "reg": 0.001,
    "filters_per_layer": [
      32
    ],
    "layers_per_block": 2,
    "pool_every": 2,
    "hidden_dims": [
      100
    ],
    "model_type": "cnn",
    "activation_type": "lrelu",
    "kw": {
      "pooling_params": {
        "kernel_size": 2
      },
      "conv_params": {
        "kernel_size": 3,
        "padding": 1
      }
    }
  },
  "results": {
    "num_epochs": 20,
    "train_loss": [
      1.837931524515152,
      1.5286942636966705,
      1.4059504985809326,
      1.318292933702469,
      1.2686849355697631,
      1.1959038096666337,
      1.18644268989563,
      1.1408609384298325,
      1.1128050249814987,
      1.071235983967781,
      1.031450521349907,
      1.0100559133291245,
      0.9911653649806976,
      0.9738698583841324,
      0.9434950017929077,
      0.9289135229587555,
      0.8962128937244416,
      0.8874419707059861,
      0.8685626286268234,
      0.837745168209076
    ],
    "train_acc": [
      33.9375,
      45.234375,
      49.8046875,
      52.8359375,
      54.7578125,
      57.8046875,
      57.9140625,
      59.3125,
      60.9921875,
      61.984375,
      63.859375,
      64.3515625,
      65.2421875,
      65.9375,
      66.8515625,
      67.7109375,
      68.5078125,
      69.2265625,
      69.7109375,
      70.671875
    ],
    "test_loss": [
      1.5948235142230986,
      1.4329050958156586,
      1.3827825844287873,
      1.3111579471826553,
      1.2303691017627716,
      1.2174331164360046,
      1.2055961591005326,
      1.167538387775421,
      1.134234617948532,
      1.1270197892189027,
      1.1087945127487182,
      1.100683475136757,
      1.0664850050210952,
      1.0846473568677901,
      1.0329710191488266,
      1.0323293453454971,
      1.0087966406345368,
      0.9941534125804901,
      0.996249657869339,
      1.0215281867980956
    ],
    "test_acc": [
      42.3125,
      48.4375,
      50.65625,
      53.0625,
      56.03125,
      56.0625,
      56.5,
      58.0,
      59.25,
      59.0625,
      60.3125,
      61.5625,
      61.25,
      60.96875,
      63.59375,
      63.1875,
      65.0625,
      64.96875,
      64.625,
      63.625
    ]
  }
}