{
  "config": {
    "run_name": "exp1_2",
    "out_dir": "./results",
    "seed": 519591340,
    "device": null,
    "bs_train": 64,
    "bs_test": 16,
    "batches": 100,
    "epochs": 100,
    "early_stopping": 3,
    "checkpoints": null,
    "lr": 0.0001,
    "reg": 0.0001,
    "filters_per_layer": [
      64
    ],
    "layers_per_block": 4,
    "pool_every": 7,
    "hidden_dims": [
      512
    ],
    "model_type": "cnn",
    "activation_type": "lrelu",
    "kw": {
      "pooling_params": {
        "kernel_size": 2
      },
      "conv_params": {
        "kernel_size": 3,
        "padding": 1
      }
    }
  },
  "results": {
    "num_epochs": 26,
    "train_loss": [
      2.075267423391342,
      1.7370518445968628,
      1.5883976590633393,
      1.5437343049049377,
      1.5158579099178313,
      1.4343382215499878,
      1.4015578258037567,
      1.365596570968628,
      1.307416000366211,
      1.297845927476883,
      1.2507587498426438,
      1.2291206407546997,
      1.2176085311174392,
      1.1897157883644105,
      1.1704729759693147,
      1.15328255712986,
      1.1417446482181548,
      1.1118527895212174,
      1.1040710783004761,
      1.0713819980621337,
      1.0510130047798156,
      1.0498209279775619,
      1.0421053797006607,
      1.0021035659313202,
      1.0043219172954558,
      0.965114449262619
    ],
    "train_acc": [
      23.734375,
      37.90625,
      43.328125,
      44.6875,
      45.734375,
      48.4375,
      49.390625,
      51.390625,
      52.59375,
      53.828125,
      55.453125,
      56.15625,
      56.6875,
      58.078125,
      58.078125,
      59.59375,
      59.625,
      60.640625,
      60.765625,
      62.03125,
      62.609375,
      63.0625,
      62.796875,
      65.765625,
      64.90625,
      66.1875
    ],
    "test_loss": [
      1.8859610593318938,
      1.6751551002264022,
      1.5492347937822342,
      1.505554968714714,
      1.4411735421419143,
      1.4487202608585357,
      1.3542561221122742,
      1.3708856064081192,
      1.3478313666582107,
      1.2775972932577133,
      1.2194913625717163,
      1.2817641025781632,
      1.2326996111869812,
      1.204600641131401,
      1.1838387995958328,
      1.2016272681951523,
      1.144084214568138,
      1.1436058628559111,
      1.1346969145536423,
      1.1246405166387559,
      1.1524300372600556,
      1.1260549056529998,
      1.0839717495441437,
      1.1023480826616288,
      1.0845909190177918,
      1.0709224623441695
    ],
    "test_acc": [
      32.8125,
      41.0,
      44.25,
      44.9375,
      48.625,
      49.625,
      51.0625,
      50.9375,
      52.0,
      54.8125,
      56.6875,
      54.375,
      56.625,
      57.0,
      57.5,
      57.0625,
      59.5625,
      58.4375,
      58.75,
      60.3125,
      59.875,
      59.75,
      62.4375,
      60.5,
      60.6875,
      61.1875
    ]
  }
}