{
  "config": {
    "run_name": "exp1_3",
    "out_dir": "./results",
    "seed": 1694252467,
    "device": null,
    "bs_train": 64,
    "bs_test": 16,
    "batches": 100,
    "epochs": 100,
    "early_stopping": 3,
    "checkpoints": null,
    "lr": 0.0001,
    "reg": 0.0001,
    "filters_per_layer": [
      64,
      128
    ],
    "layers_per_block": 4,
    "pool_every": 7,
    "hidden_dims": [
      512
    ],
    "model_type": "cnn",
    "activation_type": "lrelu",
    "kw": {
      "pooling_params": {
        "kernel_size": 2
      },
      "conv_params": {
        "kernel_size": 3,
        "padding": 1
      }
    }
  },
  "results": {
    "num_epochs": 27,
    "train_loss": [
      2.199878748655319,
      1.9577984178066254,
      1.881606320142746,
      1.7152649068832397,
      1.6108555567264558,
      1.533448919057846,
      1.446153577566147,
      1.4288176310062408,
      1.3951734125614166,
      1.3553502464294434,
      1.295189038515091,
      1.2736049473285675,
      1.2216986656188964,
      1.1732045757770537,
      1.1747993916273116,
      1.1052083271741866,
      1.139756399989128,
      1.0909600692987442,
      1.0340346485376357,
      1.0163978362083435,
      0.99273208796978,
      0.9638168984651565,
      0.941944244503975,
      0.8837991064786911,
      0.8501959997415542,
      0.8183843833208084,
      0.7943727335333824
    ],
    "train_acc": [
      17.265625,
      28.6875,
      30.59375,
      37.28125,
      41.78125,
      45.078125,
      47.921875,
      48.8125,
      50.53125,
      51.734375,
      54.296875,
      54.390625,
      56.40625,
      58.703125,
      58.9375,
      60.625,
      60.25,
      61.671875,
      63.84375,
      64.171875,
      65.890625,
      66.296875,
      67.40625,
      69.40625,
      70.96875,
      72.46875,
      73.484375
    ],
    "test_loss": [
      2.0482756555080415,
      1.9261733996868133,
      1.7688271796703339,
      1.6732547771930695,
      1.5445752048492432,
      1.4708213138580322,
      1.4245138615369797,
      1.373773759007454,
      1.349548419713974,
      1.3530415487289429,
      1.3229170805215835,
      1.2769912046194076,
      1.2524790126085281,
      1.2652499657869338,
      1.2413739967346191,
      1.2134143576025962,
      1.168816128373146,
      1.177684251666069,
      1.1438984286785125,
      1.158637059032917,
      1.1425899538397788,
      1.1528600060939789,
      1.1490782943367959,
      1.0947891783714294,
      1.1134917837381364,
      1.1166091430187226,
      1.136288571357727
    ],
    "test_acc": [
      28.0625,
      31.6875,
      32.6875,
      37.9375,
      44.6875,
      47.4375,
      49.0625,
      52.125,
      52.625,
      51.3125,
      53.75,
      54.9375,
      55.4375,
      55.125,
      56.5625,
      57.375,
      58.125,
      58.3125,
      59.5,
      59.0,
      60.5625,
      60.375,
      61.0,
      62.25,
      61.125,
      62.0,
      60.6875
    ]
  }
}