{
  "config": {
    "run_name": "exp1_2",
    "out_dir": "./results",
    "seed": 831153723,
    "device": null,
    "bs_train": 64,
    "bs_test": 16,
    "batches": 100,
    "epochs": 100,
    "early_stopping": 3,
    "checkpoints": null,
    "lr": 0.0001,
    "reg": 0.0001,
    "filters_per_layer": [
      32
    ],
    "layers_per_block": 8,
    "pool_every": 7,
    "hidden_dims": [
      512
    ],
    "model_type": "cnn",
    "activation_type": "lrelu",
    "kw": {
      "pooling_params": {
        "kernel_size": 2
      },
      "conv_params": {
        "kernel_size": 3,
        "padding": 1
      }
    }
  },
  "results": {
    "num_epochs": 20,
    "train_loss": [
      2.3036371994018556,
      2.17326073050499,
      1.9905599713325501,
      1.8987314200401306,
      1.8487067806720734,
      1.7763816046714782,
      1.6643750739097596,
      1.5963093972206115,
      1.541109768152237,
      1.4893150377273559,
      1.4592424499988557,
      1.422705007791519,
      1.4289120769500732,
      1.365367579460144,
      1.3646204388141632,
      1.3299762678146363,
      1.3304083514213563,
      1.305598976612091,
      1.3058811295032502,
      1.280075993537903
    ],
    "train_acc": [
      9.546875,
      19.625,
      27.03125,
      31.5625,
      32.90625,
      35.0,
      40.234375,
      41.671875,
      44.453125,
      46.625,
      47.375,
      49.390625,
      48.015625,
      51.21875,
      50.359375,
      52.421875,
      52.90625,
      53.625,
      53.953125,
      54.890625
    ],
    "test_loss": [
      2.3026467895507814,
      2.0249604749679566,
      1.9379197108745574,
      1.8828898143768311,
      1.8140354716777802,
      1.6932632720470429,
      1.6536450397968292,
      1.590426105260849,
      1.4755132967233657,
      1.4368518406152726,
      1.4306588387489318,
      1.4353757256269455,
      1.4099720638990403,
      1.4090675407648086,
      1.347111506462097,
      1.3378003966808318,
      1.3119286042451859,
      1.2990933537483216,
      1.3093188947439194,
      1.2995171004533768
    ],
    "test_acc": [
      9.8125,
      27.5,
      31.25,
      32.25,
      35.6875,
      40.75,
      39.25,
      42.75,
      47.75,
      49.375,
      50.1875,
      48.75,
      50.1875,
      50.375,
      52.125,
      52.25,
      53.75,
      53.6875,
      52.75,
      53.1875
    ]
  }
}