{
  "config": {
    "run_name": "exp1_4",
    "out_dir": "./results",
    "seed": 861523051,
    "device": null,
    "bs_train": 64,
    "bs_test": 16,
    "batches": 100,
    "epochs": 100,
    "early_stopping": 3,
    "checkpoints": null,
    "lr": 0.0001,
    "reg": 0.0001,
    "filters_per_layer": [
      32
    ],
    "layers_per_block": 8,
    "pool_every": 8,
    "hidden_dims": [
      1024,
      512
    ],
    "model_type": "resnet",
    "activation_type": "lrelu",
    "kw": {
      "pooling_params": {
        "kernel_size": 2
      }
    }
  },
  "results": {
    "num_epochs": 34,
    "train_loss": [
      2.133531792163849,
      1.9307915890216827,
      1.804173858165741,
      1.6730331575870514,
      1.600057955980301,
      1.579379757642746,
      1.5292591106891633,
      1.5135632181167602,
      1.4717528164386748,
      1.4774468541145325,
      1.4311945855617523,
      1.4075971817970276,
      1.4156623339653016,
      1.3841488611698152,
      1.3585839450359345,
      1.3296849071979522,
      1.330403332710266,
      1.3093333888053893,
      1.2861111307144164,
      1.2881142872571945,
      1.2455919241905213,
      1.2535134029388428,
      1.2131974023580552,
      1.2180774968862533,
      1.2184538859128953,
      1.1969986248016358,
      1.1914454567432404,
      1.1764654821157456,
      1.1549708569049835,
      1.1425000411272048,
      1.137757175564766,
      1.1273339200019836,
      1.1120117384195327,
      1.114787460565567
    ],
    "train_acc": [
      21.703125,
      29.921875,
      34.65625,
      39.234375,
      41.546875,
      41.625,
      44.15625,
      44.171875,
      46.734375,
      46.703125,
      47.625,
      48.15625,
      48.65625,
      49.203125,
      50.796875,
      51.4375,
      50.84375,
      52.484375,
      53.03125,
      52.84375,
      54.609375,
      55.3125,
      56.015625,
      56.234375,
      56.34375,
      56.484375,
      57.234375,
      57.53125,
      59.046875,
      59.515625,
      59.4375,
      59.484375,
      59.46875,
      59.890625
    ],
    "test_loss": [
      1.9915700471401214,
      1.8638420331478118,
      1.7175200021266936,
      1.6417298793792725,
      1.5881162017583847,
      1.5500198543071746,
      1.5055050587654113,
      1.4897344958782197,
      1.509983193874359,
      1.440637959241867,
      1.4051223957538606,
      1.4941839796304703,
      1.382414954304695,
      1.3567537331581117,
      1.3355064356327058,
      1.33891222178936,
      1.304958302974701,
      1.3127724450826646,
      1.265337765812874,
      1.2713747090101242,
      1.267181750535965,
      1.2937053370475768,
      1.2152853804826735,
      1.2254976093769074,
      1.2220929139852523,
      1.2267008304595948,
      1.2151167160272598,
      1.230990560054779,
      1.152651356458664,
      1.1635043793916702,
      1.14550606071949,
      1.1310999292135238,
      1.1459444969892503,
      1.1852741926908492
    ],
    "test_acc": [
      26.1875,
      34.25,
      38.625,
      41.125,
      42.8125,
      43.25,
      45.875,
      45.5,
      43.3125,
      47.125,
      49.0,
      45.3125,
      48.75,
      49.4375,
      50.375,
      50.3125,
      52.0,
      51.25,
      53.125,
      53.875,
      53.1875,
      52.4375,
      54.625,
      53.875,
      53.875,
      54.75,
      55.0625,
      54.4375,
      56.375,
      57.0,
      57.3125,
      57.0625,
      57.0,
      57.0
    ]
  }
}