{
  "config": {
    "run_name": "exp2",
    "out_dir": "./results",
    "seed": 181804860,
    "device": null,
    "bs_train": 64,
    "bs_test": 16,
    "batches": 100,
    "epochs": 100,
    "early_stopping": 5,
    "checkpoints": null,
    "lr": 0.0001,
    "reg": 0.0001,
    "filters_per_layer": [
      32,
      64,
      128
    ],
    "layers_per_block": 9,
    "pool_every": 9,
    "hidden_dims": [
      1024
    ],
    "model_type": "yourcnn",
    "activation_type": "lrelu",
    "kw": {
      "pooling_params": {
        "kernel_size": 2
      }
    }
  },
  "results": {
    "num_epochs": 58,
    "train_loss": [
      2.1146856081485748,
      1.8150621497631072,
      1.7020550179481506,
      1.6164789283275605,
      1.5445572590827943,
      1.4997348940372468,
      1.461830587387085,
      1.427141431570053,
      1.382759712934494,
      1.3408700066804886,
      1.2994250416755677,
      1.2880458003282547,
      1.2236922425031662,
      1.2036327058076859,
      1.1829831457138063,
      1.126206300854683,
      1.1129932552576065,
      1.0624445068836212,
      1.0647843921184539,
      1.0181888884305954,
      1.0086459302902222,
      0.9704597294330597,
      0.9524428862333297,
      0.9250055801868439,
      0.8946774059534073,
      0.8877385407686234,
      0.8733515232801438,
      0.8440008419752121,
      0.8262419682741166,
      0.8008634197711945,
      0.780840470790863,
      0.7740940040349961,
      0.7439669904112816,
      0.7622627690434456,
      0.721079098880291,
      0.7001626193523407,
      0.721054857969284,
      0.679988272190094,
      0.6584075370430946,
      0.6561661979556084,
      0.6326925045251847,
      0.6148086687922478,
      0.6267993614077568,
      0.6137892010807992,
      0.6127287089824677,
      0.5903479039669037,
      0.5699083280563354,
      0.5404500687122344,
      0.573843525648117,
      0.5397968232631684,
      0.5261818405985832,
      0.4960047191381454,
      0.5214853131771088,
      0.4960530115664005,
      0.49751985996961595,
      0.47024409756064417,
      0.4692628337442875,
      0.4503680491447449
    ],
    "train_acc": [
      20.421875,
      31.9375,
      35.828125,
      38.859375,
      43.8125,
      44.96875,
      46.203125,
      48.28125,
      49.640625,
      51.5625,
      52.9375,
      53.71875,
      55.421875,
      57.1875,
      58.078125,
      59.109375,
      60.328125,
      61.515625,
      61.75,
      63.984375,
      64.109375,
      64.9375,
      66.625,
      66.734375,
      67.9375,
      68.375,
      69.234375,
      70.015625,
      70.9375,
      71.234375,
      72.15625,
      72.9375,
      73.625,
      73.5,
      74.625,
      75.328125,
      75.28125,
      75.453125,
      76.796875,
      77.125,
      78.046875,
      78.296875,
      77.78125,
      79.1875,
      79.109375,
      80.3125,
      79.6875,
      81.71875,
      79.921875,
      81.40625,
      81.75,
      82.953125,
      82.0,
      82.84375,
      82.484375,
      84.03125,
      84.21875,
      84.15625
    ],
    "test_loss": [
      1.8633628296852112,
      1.7401461756229402,
      1.6513290476799012,
      1.5976086413860322,
      1.5020826816558839,
      1.4014553290605545,
      1.3590845823287965,
      1.3654218053817748,
      1.3008122700452804,
      1.350621150135994,
      1.2732161271572113,
      1.2716075372695923,
      1.1951488387584686,
      1.177275670170784,
      1.093934752345085,
      1.1581730651855469,
      1.065519445836544,
      1.064018919467926,
      1.0363942012190819,
      1.01363413721323,
      1.0335065028071404,
      0.9796131905913353,
      0.988506008386612,
      0.9816169092059135,
      0.9241222092509269,
      0.9265108308196068,
      0.8985067570209503,
      0.8870571601390839,
      0.8743803146481514,
      0.8802260364592075,
      0.8140194372832775,
      0.8748199185729026,
      0.8093090713024139,
      0.835573996603489,
      0.8146017834544181,
      0.8343601369857788,
      0.8313080644607544,
      0.7939677257835865,
      0.8866811835765839,
      0.802101598083973,
      0.7774138176441192,
      0.7259225961565972,
      0.7302892969548702,
      0.7658617341518402,
      0.7322764118015767,
      0.7539393420517445,
      0.7495248007774353,
      0.7304784356057644,
      0.6925345316529274,
      0.7037675876915455,
      0.7517633178830146,
      0.714202918857336,
      0.6588649877905846,
      0.7613732861727476,
      0.7123761035501956,
      0.6705627194046975,
      0.6963328790664672,
      0.6753013129532337
    ],
    "test_acc": [
      30.0,
      32.5625,
      37.25,
      42.1875,
      45.25,
      48.125,
      49.75,
      51.25,
      51.1875,
      49.0625,
      52.6875,
      54.25,
      57.0625,
      56.875,
      61.8125,
      58.625,
      61.75,
      61.8125,
      62.625,
      63.25,
      63.125,
      64.6875,
      65.3125,
      65.9375,
      66.5625,
      67.875,
      68.75,
      68.1875,
      69.125,
      69.1875,
      70.5625,
      68.875,
      71.4375,
      69.625,
      72.4375,
      70.875,
      70.5625,
      73.125,
      69.4375,
      72.4375,
      73.0625,
      75.1875,
      74.8125,
      72.9375,
      74.3125,
      75.3125,
      74.125,
      74.6875,
      75.9375,
      76.0,
      74.1875,
      76.0,
      77.75,
      75.0625,
      75.5,
      76.3125,
      76.4375,
      77.25
    ]
  }
}