{
  "config": {
    "run_name": "exp2",
    "out_dir": "./results",
    "seed": 2099716579,
    "device": null,
    "bs_train": 32,
    "bs_test": 8,
    "batches": 100,
    "epochs": 100,
    "early_stopping": 5,
    "checkpoints": null,
    "lr": 0.0001,
    "reg": 0.0001,
    "filters_per_layer": [
      32,
      64,
      128
    ],
    "layers_per_block": 6,
    "pool_every": 7,
    "hidden_dims": [
      1024
    ],
    "model_type": "yourcnn",
    "activation_type": "lrelu",
    "kw": {
      "pooling_params": {
        "kernel_size": 2
      }
    }
  },
  "results": {
    "num_epochs": 71,
    "train_loss": [
      2.0530226266384126,
      1.7060066199302673,
      1.6102818489074706,
      1.503729714155197,
      1.4518331587314606,
      1.428440819978714,
      1.3338304197788238,
      1.3308782595396043,
      1.2655092573165894,
      1.250075501203537,
      1.1829596364498138,
      1.2036965531110764,
      1.132513153553009,
      1.0974753814935685,
      1.048893964290619,
      1.109178773164749,
      1.0356872749328614,
      1.009833936691284,
      0.9784448653459549,
      0.9659088546037674,
      0.9289668419957161,
      0.9058456665277481,
      0.8866934663057328,
      0.9168507388234138,
      0.8307184696197509,
      0.8465086349844932,
      0.7730334436893463,
      0.7975979989767075,
      0.8112906590104103,
      0.7682176408171654,
      0.7568518057465553,
      0.7331696391105652,
      0.7479421031475068,
      0.7371500498056411,
      0.7097292536497116,
      0.7128237029910087,
      0.663192375600338,
      0.6592190808057785,
      0.6582618233561516,
      0.6721437709033489,
      0.6719905224442482,
      0.6269103920459748,
      0.615955477654934,
      0.5827181228995323,
      0.5847962036728859,
      0.6112137001752853,
      0.5970093098282814,
      0.5658406127989292,
      0.5564356349408627,
      0.5496047092974186,
      0.557267062664032,
      0.5571453955769539,
      0.5159886321425438,
      0.5193219538033008,
      0.4887986509501934,
      0.5100887539982796,
      0.520638734549284,
      0.47278231754899025,
      0.465256814211607,
      0.49665126368403434,
      0.45685374960303304,
      0.47613293439149856,
      0.4183263972401619,
      0.4628004404902458,
      0.44778731882572176,
      0.4218182463943958,
      0.43115009501576423,
      0.4543271867930889,
      0.4158886608481407,
      0.42662270471453667,
      0.44895305529236795
    ],
    "train_acc": [
      23.1875,
      37.4375,
      39.90625,
      45.5,
      48.0,
      47.96875,
      51.84375,
      51.5,
      54.4375,
      54.65625,
      57.40625,
      55.78125,
      58.59375,
      60.9375,
      62.375,
      60.5,
      63.03125,
      64.125,
      64.96875,
      64.90625,
      67.125,
      66.78125,
      67.90625,
      67.6875,
      71.1875,
      70.40625,
      72.4375,
      72.03125,
      71.71875,
      73.28125,
      74.0,
      74.125,
      74.65625,
      74.625,
      74.96875,
      75.625,
      77.28125,
      76.96875,
      76.78125,
      76.78125,
      76.96875,
      78.78125,
      78.4375,
      80.0,
      80.21875,
      79.5625,
      78.90625,
      81.40625,
      81.34375,
      80.375,
      80.46875,
      80.3125,
      82.6875,
      82.28125,
      82.84375,
      83.0,
      82.25,
      84.3125,
      84.3125,
      82.65625,
      84.71875,
      83.84375,
      85.90625,
      84.3125,
      84.71875,
      86.53125,
      85.21875,
      83.8125,
      85.53125,
      85.5625,
      84.5
    ],
    "test_loss": [
      1.7712981152534484,
      1.6732446241378784,
      1.5427064734697342,
      1.4697631412744523,
      1.3964220052957534,
      1.4975468266010283,
      1.2963744568824769,
      1.2907480764389039,
      1.25970365524292,
      1.2112288025021554,
      1.2543629068136215,
      1.2415178638696671,
      1.1331826609373092,
      1.093799650669098,
      1.1326523934304715,
      1.0681505820155144,
      1.0343163584172725,
      0.9939533898234367,
      1.0095178113877774,
      0.9684984944760799,
      0.969730157405138,
      0.9185789661109447,
      0.9692751014232636,
      0.8533763132989407,
      0.8710091710090637,
      0.8815054724365473,
      0.8961010637879372,
      0.8500407807528972,
      0.8559036961197853,
      0.7889706506580114,
      0.817180258333683,
      0.8272509758174419,
      0.8041754153370857,
      0.8256037884950638,
      0.758976887986064,
      0.7584502796083689,
      0.7738743332773447,
      0.7709762212634087,
      0.7089598552137614,
      0.7422840555757284,
      0.768451200723648,
      0.7177767805755139,
      0.7335635852813721,
      0.7763117985427379,
      0.7242126294225454,
      0.6810269601643085,
      0.71238439951092,
      0.6571988699212671,
      0.6504472080245614,
      0.6347509676590561,
      0.6675661332160234,
      0.7053150931745767,
      0.6572136517427861,
      0.6939620408043266,
      0.7038981446623802,
      0.6351889783889055,
      0.6326589819416404,
      0.6618651252239942,
      0.614127911105752,
      0.6278831765428186,
      0.6056347104907036,
      0.620537136234343,
      0.6390339370071888,
      0.5711886722967029,
      0.6483319886401295,
      0.5980453511327505,
      0.5738173630088568,
      0.6397472869232297,
      0.5886784177273512,
      0.6277692012861371,
      0.594576555415988
    ],
    "test_acc": [
      34.125,
      38.125,
      43.375,
      46.375,
      51.125,
      48.0,
      53.125,
      52.0,
      54.625,
      57.375,
      55.125,
      54.625,
      58.75,
      60.25,
      59.75,
      60.75,
      62.375,
      65.25,
      63.125,
      67.125,
      65.5,
      68.5,
      66.5,
      69.625,
      67.625,
      69.875,
      70.375,
      70.75,
      69.875,
      70.375,
      71.875,
      70.375,
      72.625,
      70.5,
      74.5,
      73.875,
      73.0,
      72.375,
      75.125,
      74.25,
      73.0,
      74.5,
      76.375,
      74.25,
      75.375,
      75.0,
      76.25,
      77.25,
      78.0,
      77.0,
      78.25,
      75.875,
      77.875,
      77.0,
      76.875,
      78.5,
      77.125,
      76.375,
      78.875,
      77.75,
      78.75,
      79.125,
      78.5,
      79.5,
      77.25,
      80.375,
      79.25,
      79.0,
      79.75,
      78.625,
      80.125
    ]
  }
}