{
  "config": {
    "run_name": "exp2",
    "out_dir": "./results",
    "seed": 63118650,
    "device": null,
    "bs_train": 64,
    "bs_test": 16,
    "batches": 100,
    "epochs": 100,
    "early_stopping": 5,
    "checkpoints": null,
    "lr": 0.0001,
    "reg": 0.001,
    "filters_per_layer": [
      32,
      64,
      128
    ],
    "layers_per_block": 12,
    "pool_every": 25,
    "hidden_dims": [
      1024
    ],
    "model_type": "yourcnn",
    "activation_type": "lrelu",
    "kw": {
      "pooling_params": {
        "kernel_size": 2
      }
    }
  },
  "results": {
    "num_epochs": 40,
    "train_loss": [
      2.110851047039032,
      1.7809149539470672,
      1.5966579258441924,
      1.506410973072052,
      1.4395868158340455,
      1.3892368030548097,
      1.312209906578064,
      1.2870864534378053,
      1.2154479074478148,
      1.1689873349666595,
      1.1508984434604645,
      1.1263125759363175,
      1.0484617578983306,
      1.025504240989685,
      0.9836408126354218,
      0.9838915252685547,
      0.9324585682153702,
      0.9023717570304871,
      0.8801042270660401,
      0.8476493608951569,
      0.8184612876176834,
      0.8010317367315293,
      0.7849622935056686,
      0.7719586303830147,
      0.7483459115028381,
      0.7091985169053078,
      0.716677653491497,
      0.6874587133526802,
      0.6671330443024636,
      0.6496073496341705,
      0.6660532569885254,
      0.6537225544452667,
      0.6286298686265945,
      0.6059594640135765,
      0.588054361641407,
      0.5943081301450729,
      0.5690242612361908,
      0.5507587370276451,
      0.5457860785722732,
      0.5619611513614654
    ],
    "train_acc": [
      24.0625,
      35.28125,
      41.859375,
      45.125,
      46.828125,
      49.328125,
      52.359375,
      52.671875,
      55.546875,
      57.125,
      59.09375,
      60.1875,
      63.46875,
      63.375,
      65.828125,
      65.171875,
      66.75,
      68.265625,
      68.703125,
      69.9375,
      71.03125,
      71.390625,
      72.65625,
      72.875,
      73.765625,
      74.46875,
      75.078125,
      76.0625,
      76.859375,
      78.171875,
      76.28125,
      77.046875,
      78.265625,
      78.828125,
      79.90625,
      79.1875,
      79.765625,
      80.71875,
      81.234375,
      80.703125
    ],
    "test_loss": [
      1.840345412492752,
      1.6369359755516053,
      1.5789601582288741,
      1.491592892408371,
      1.389774703979492,
      1.3039100384712219,
      1.2798925757408142,
      1.3459055650234222,
      1.1677344486117363,
      1.1786505410075188,
      1.1236381289362907,
      1.099339555799961,
      1.051877388060093,
      1.044392796754837,
      1.039122007191181,
      0.9931788858771324,
      1.0572982260584831,
      0.9360757648944855,
      0.943902183175087,
      0.9134147131443023,
      0.8686756789684296,
      0.8554536002874374,
      0.8755441763997078,
      0.8152429497241974,
      0.8341897654533387,
      0.8102685227990151,
      0.7776943150162697,
      0.7821124471724034,
      0.783213172852993,
      0.7809351021051407,
      0.7466013401746749,
      0.7588829985260963,
      0.7733217075467109,
      0.7171692642569542,
      0.7054871648550034,
      0.7110044194757938,
      0.7385565215349197,
      0.7620367981493473,
      0.7447040025889874,
      0.7032031659781933
    ],
    "test_acc": [
      32.5,
      40.1875,
      41.0,
      44.1875,
      47.3125,
      51.5,
      53.5,
      49.75,
      58.25,
      57.375,
      59.9375,
      61.375,
      62.125,
      62.5,
      63.25,
      64.875,
      62.25,
      65.4375,
      66.3125,
      68.375,
      68.5625,
      69.6875,
      69.8125,
      70.8125,
      71.0,
      71.6875,
      72.375,
      72.6875,
      72.1875,
      72.9375,
      73.875,
      73.9375,
      72.4375,
      75.25,
      76.25,
      75.0,
      73.375,
      74.3125,
      73.5,
      75.875
    ]
  }
}