{
  "config": {
    "run_name": "exp2",
    "out_dir": "./results",
    "seed": 553019816,
    "device": null,
    "bs_train": 64,
    "bs_test": 16,
    "batches": 100,
    "epochs": 100,
    "early_stopping": 5,
    "checkpoints": null,
    "lr": 0.0001,
    "reg": 0.0001,
    "filters_per_layer": [
      32,
      64,
      128
    ],
    "layers_per_block": 3,
    "pool_every": 9,
    "hidden_dims": [
      1024
    ],
    "model_type": "yourcnn",
    "activation_type": "lrelu",
    "kw": {
      "pooling_params": {
        "kernel_size": 2
      }
    }
  },
  "results": {
    "num_epochs": 40,
    "train_loss": [
      1.8900747454166413,
      1.5067195248603822,
      1.3333837842941285,
      1.2641480672359466,
      1.1433558946847915,
      1.0848986101150513,
      1.0523604315519333,
      0.9633902472257614,
      0.9361242085695267,
      0.9044969671964646,
      0.8518017673492432,
      0.8204862946271896,
      0.8089536720514298,
      0.7313687142729759,
      0.7220682546496391,
      0.6790495109558106,
      0.6526161783933639,
      0.6456738331913948,
      0.6207868540287018,
      0.5842197811603547,
      0.5835625714063645,
      0.5537855020165443,
      0.5399398985505104,
      0.5236273500323295,
      0.4713236226141453,
      0.47729592844843866,
      0.46025166392326355,
      0.4272449879348278,
      0.3973371204733849,
      0.38098332822322845,
      0.37332703977823256,
      0.34966380447149276,
      0.33548679523169994,
      0.3350921782106161,
      0.31521699666976927,
      0.3084185476601124,
      0.2835151754319668,
      0.26629035018384456,
      0.2682721720635891,
      0.23510337583720683
    ],
    "train_acc": [
      31.40625,
      45.640625,
      51.5,
      54.640625,
      59.59375,
      62.296875,
      62.359375,
      66.359375,
      66.9375,
      68.015625,
      70.34375,
      71.53125,
      72.5,
      74.671875,
      74.546875,
      76.65625,
      77.625,
      77.59375,
      78.875,
      80.0,
      79.6875,
      81.5,
      82.125,
      83.0,
      84.171875,
      83.953125,
      84.875,
      85.65625,
      86.953125,
      87.515625,
      88.046875,
      88.953125,
      89.46875,
      89.53125,
      89.703125,
      90.09375,
      91.515625,
      91.5,
      91.484375,
      93.0625
    ],
    "test_loss": [
      1.6508371120691299,
      1.3711030411720275,
      1.2673475575447082,
      1.1896525913476943,
      1.1366222310066223,
      1.0842344644665718,
      1.0317220151424409,
      0.9755680653452873,
      0.967596263885498,
      0.8942860496044159,
      0.8802005356550217,
      0.8786316907405853,
      0.839507414996624,
      0.8265511074662208,
      0.8012163886427879,
      0.7863058671355247,
      0.7748248881101608,
      0.8005341768264771,
      0.755607798397541,
      0.7197520147264004,
      0.7553845673799515,
      0.7529262319207192,
      0.7418921129405498,
      0.6989413483440876,
      0.7024830244481564,
      0.6930851477384568,
      0.7300965848565102,
      0.692171678096056,
      0.7160320325195789,
      0.7171619610488414,
      0.7015559194982052,
      0.7056710757315159,
      0.7044250686466694,
      0.7000140544772148,
      0.707384732812643,
      0.7434621919691563,
      0.7036476309597492,
      0.7117168819904327,
      0.6969172404706478,
      0.7310991445928812
    ],
    "test_acc": [
      39.5,
      49.625,
      54.375,
      56.1875,
      58.25,
      60.8125,
      63.125,
      64.25,
      64.25,
      66.875,
      67.8125,
      67.625,
      68.5,
      69.875,
      70.375,
      71.125,
      71.25,
      71.6875,
      72.9375,
      74.375,
      71.625,
      73.5,
      74.0,
      74.375,
      74.8125,
      75.125,
      74.875,
      75.8125,
      75.3125,
      74.5625,
      74.875,
      75.875,
      76.25,
      76.875,
      77.6875,
      75.25,
      77.5625,
      76.125,
      76.75,
      75.9375
    ]
  }
}